[2026-10-08 12:04:07.905] [default] [info] Ran from command: "/home/rshehayi/anaconda3/envs/hailo/bin/hailo compiler mars_landmark_quant.har --hw-arch hailo8"
[2026-10-08 12:04:07.906] [default] [info] Loading network parameters
[2026-10-08 12:04:07.977] [default] [info] [1;36mStarting Hailo allocation and compilation flow[0m
[2026-10-08 12:04:07.994] [default] [info] Model name: mars_model_float32
[2026-10-08 12:04:08.006] [default] [info] Building optimization options for network layers...
[2026-10-08 12:04:10.268] [default] [info] Successfully built optimization options - 2s 261ms
[2026-10-08 12:04:10.268] [default] [info] Trying to compile the network in a single context
[2026-10-08 12:04:10.268] [default] [info] Trying to solve in single context
[2026-10-08 12:04:10.437] [default] [info] Model fits in single context
[2026-10-08 12:04:10.437] [default] [info] Model fits in single context, trying to increase utilization
[2026-10-08 12:04:10.439] [default] [info] Initial resources counter with: SCs: 115/384, 16bit SCs: 0/384, APUs: 56/120, IAs: 56/192, L3 weights: 39/768, L3 ios: 65/768, LCUs: 55/96
[2026-10-08 12:04:13.004] [default] [info] Converged after 110 iterations
[2026-10-08 12:04:13.004] [default] [info] Final resources: SCs: 193/384, 16bit SCs: 0/384, APUs: 84/120, IAs: 99/192, L3 weights: 47/768, L3 ios: 106/768, LCUs: 82/96
[2026-10-08 12:04:13.004] [default] [info] Trying to apply higher utilization solution
[2026-10-08 12:04:18.857] [default] [info] Pre-allocation Resources for mars_model_float32_context_0
+----------------------------+-------------+-----------------------+-----------------------+----------------------+----------------+-----+-----+------+
| Node                       | Subclusters | L3 Weight Memory Cuts | L3 Output Memory Cuts | L3 Input Memory Cuts | L4 Memory Cuts | IBs | OBs | APUs |
+----------------------------+-------------+-----------------------+-----------------------+----------------------+----------------+-----+-----+------+
| input_layer1               | 0           | 0                     | 0                     | 0                    | 0.500          | 0   | 0   | 0    |
| normalization1             | 1           | 0                     | 1                     | 0                    | 0.000          | 0   | 0   | 1    |
| conv1                      | 4           | 0                     | 8                     | 1                    | 0.000          | 0   | 0   | 1    |
| dw1_sd0                    | 2           | 0                     | 1                     | 2                    | 0.000          | 0   | 0   | 1    |
| dw1_sd1                    | 2           | 0                     | 1                     | 2                    | 0.000          | 0   | 0   | 1    |
| dw1_sd2                    | 2           | 0                     | 1                     | 2                    | 0.000          | 0   | 0   | 1    |
| dw1_sd3                    | 2           | 0                     | 1                     | 2                    | 0.000          | 0   | 0   | 1    |
| dw1_sdc                    | 1           | 0                     | 1                     | 4                    | 0.000          | 0   | 0   | 1    |
| conv2                      | 1           | 0                     | 12                    | 1                    | 0.000          | 0   | 0   | 1    |
| conv3_d0                   | 2           | 0                     | 2                     | 4                    | 0.000          | 0   | 0   | 1    |
| conv3_d1                   | 2           | 0                     | 2                     | 4                    | 0.000          | 0   | 0   | 1    |
| conv3_d2                   | 2           | 0                     | 2                     | 4                    | 0.000          | 0   | 0   | 1    |
| conv3_dc                   | 1           | 0                     | 2                     | 6                    | 0.000          | 0   | 0   | 1    |
| dw2_fs                     | 1           | 0                     | 4                     | 2                    | 0.000          | 0   | 0   | 1    |
| dw2_d0                     | 1           | 0                     | 3                     | 1                    | 0.000          | 0   | 0   | 1    |
| dw2_d1                     | 1           | 0                     | 3                     | 1                    | 0.000          | 0   | 0   | 1    |
| dw2_d2                     | 1           | 0                     | 3                     | 1                    | 0.000          | 0   | 0   | 1    |
| dw2_d3                     | 1           | 0                     | 3                     | 1                    | 0.000          | 0   | 0   | 1    |
| dw2_dc                     | 1           | 0                     | 1                     | 12                   | 0.000          | 0   | 0   | 1    |
| conv4                      | 1           | 0                     | 2                     | 1                    | 0.000          | 0   | 0   | 1    |
| conv5                      | 2           | 0                     | 2                     | 1                    | 0.000          | 0   | 0   | 1    |
| dw3_fs                     | 1           | 0                     | 4                     | 2                    | 0.000          | 0   | 0   | 1    |
| dw3_d0                     | 2           | 0                     | 3                     | 1                    | 0.000          | 0   | 0   | 1    |
| dw3_d1                     | 2           | 0                     | 3                     | 1                    | 0.000          | 0   | 0   | 1    |
| dw3_d2                     | 2           | 0                     | 3                     | 1                    | 0.000          | 0   | 0   | 1    |
| dw3_d3                     | 2           | 0                     | 3                     | 1                    | 0.000          | 0   | 0   | 1    |
| dw3_dc                     | 1           | 0                     | 1                     | 12                   | 0.000          | 0   | 0   | 1    |
| conv6                      | 3           | 0                     | 1                     | 2                    | 0.000          | 0   | 0   | 1    |
| conv7                      | 2           | 0                     | 2                     | 1                    | 0.000          | 0   | 0   | 1    |
| dw4_lanes_feature_splitter | 1           | 0                     | 2                     | 2                    | 0.000          | 0   | 0   | 1    |
| dw4_lanes_2                | 2           | 0                     | 2                     | 2                    | 0.000          | 0   | 0   | 2    |
| dw4_lanes_concat           | 1           | 0                     | 1                     | 2                    | 0.000          | 0   | 0   | 1    |
| conv8                      | 1           | 0                     | 2                     | 1                    | 0.000          | 0   | 0   | 1    |
| conv9                      | 1           | 0                     | 2                     | 1                    | 0.000          | 0   | 0   | 1    |
| dw5_sd0                    | 2           | 1                     | 1                     | 1                    | 0.000          | 0   | 0   | 1    |
| dw5_sd1                    | 2           | 1                     | 1                     | 1                    | 0.000          | 0   | 0   | 1    |
| dw5_sdc                    | 1           | 0                     | 1                     | 2                    | 0.000          | 0   | 0   | 1    |
| conv10                     | 1           | 0                     | 2                     | 2                    | 0.000          | 0   | 0   | 1    |
| conv11                     | 1           | 0                     | 2                     | 1                    | 0.000          | 0   | 0   | 1    |
| dw6_sd0                    | 2           | 1                     | 1                     | 1                    | 0.000          | 0   | 0   | 1    |
| dw6_sd1                    | 2           | 1                     | 1                     | 1                    | 0.000          | 0   | 0   | 1    |
| dw6_sdc                    | 1           | 0                     | 1                     | 2                    | 0.000          | 0   | 0   | 1    |
| conv12                     | 1           | 0                     | 1                     | 2                    | 0.000          | 0   | 0   | 1    |
| conv13                     | 1           | 0                     | 2                     | 1                    | 0.000          | 0   | 0   | 1    |
| dw7                        | 1           | 0                     | 1                     | 2                    | 0.000          | 0   | 0   | 1    |
| conv14                     | 1           | 0                     | 2                     | 1                    | 0.000          | 0   | 0   | 1    |
| conv15                     | 2           | 0                     | 1                     | 1                    | 0.000          | 0   | 0   | 1    |
| dw8                        | 5           | 0                     | 2                     | 1                    | 0.000          | 0   | 0   | 1    |
| conv16                     | 2           | 0                     | 2                     | 3                    | 0.000          | 0   | 0   | 1    |
| conv17                     | 2           | 0                     | 1                     | 1                    | 0.000          | 0   | 0   | 1    |
| dw9                        | 5           | 0                     | 2                     | 1                    | 0.000          | 0   | 0   | 1    |
| conv18                     | 2           | 0                     | 2                     | 3                    | 0.000          | 0   | 0   | 1    |
| conv19                     | 2           | 0                     | 1                     | 1                    | 0.000          | 0   | 0   | 1    |
| dw10                       | 5           | 0                     | 3                     | 1                    | 0.000          | 0   | 0   | 1    |
| conv20                     | 2           | 0                     | 1                     | 4                    | 0.000          | 0   | 0   | 1    |
| conv21                     | 2           | 0                     | 1                     | 1                    | 0.000          | 0   | 0   | 1    |
| dw11                       | 5           | 0                     | 2                     | 1                    | 0.000          | 0   | 0   | 1    |
| conv22                     | 3           | 0                     | 2                     | 2                    | 0.000          | 0   | 0   | 1    |
| conv23                     | 4           | 0                     | 2                     | 1                    | 0.000          | 0   | 0   | 1    |
| dw12_sd0                   | 4           | 0                     | 1                     | 1                    | 0.000          | 0   | 0   | 1    |
| dw12_sd1                   | 4           | 0                     | 1                     | 1                    | 0.000          | 0   | 0   | 1    |
| dw12_sdc                   | 1           | 0                     | 1                     | 2                    | 0.000          | 0   | 0   | 1    |
| conv24                     | 4           | 0                     | 2                     | 2                    | 0.000          | 0   | 0   | 1    |
| conv25                     | 4           | 0                     | 2                     | 1                    | 0.000          | 0   | 0   | 1    |
| dw13_sd0                   | 4           | 0                     | 1                     | 1                    | 0.000          | 0   | 0   | 1    |
| dw13_sd1                   | 4           | 0                     | 1                     | 1                    | 0.000          | 0   | 0   | 1    |
| dw13_sdc                   | 1           | 0                     | 1                     | 2                    | 0.000          | 0   | 0   | 1    |
| conv26                     | 4           | 0                     | 1                     | 2                    | 0.000          | 0   | 0   | 1    |
| conv27                     | 4           | 0                     | 2                     | 1                    | 0.000          | 0   | 0   | 1    |
| dw14                       | 1           | 0                     | 1                     | 2                    | 0.000          | 0   | 0   | 1    |
| conv28                     | 7           | 0                     | 2                     | 1                    | 0.000          | 0   | 0   | 1    |
| conv29                     | 4           | 4                     | 1                     | 1                    | 0.000          | 0   | 0   | 1    |
| dw15                       | 4           | 0                     | 1                     | 1                    | 0.000          | 0   | 0   | 1    |
| conv30                     | 2           | 4                     | 2                     | 2                    | 0.000          | 0   | 0   | 1    |
| conv31                     | 4           | 4                     | 1                     | 1                    | 0.000          | 0   | 0   | 1    |
| dw16                       | 4           | 0                     | 1                     | 1                    | 0.000          | 0   | 0   | 1    |
| conv32                     | 2           | 4                     | 1                     | 2                    | 0.000          | 0   | 0   | 1    |
| conv33                     | 4           | 4                     | 1                     | 1                    | 0.000          | 0   | 0   | 1    |
| dw17                       | 4           | 0                     | 1                     | 1                    | 0.000          | 0   | 0   | 1    |
| conv34                     | 7           | 7                     | 1                     | 1                    | 0.000          | 0   | 0   | 1    |
| conv35                     | 3           | 12                    | 1                     | 1                    | 0.000          | 0   | 0   | 1    |
| avgpool1                   | 2           | 0                     | 1                     | 1                    | 0.000          | 0   | 0   | 1    |
| fc1                        | 1           | 0                     | 1                     | 1                    | 0.000          | 0   | 0   | 1    |
| softmax1                   | 0           | 0                     | 0                     | 0                    | 1.000          | 0   | 0   | 0    |
| output_layer1              | 0           | 0                     | 0                     | 0                    | 0.500          | 0   | 0   | 0    |
+----------------------------+-------------+-----------------------+-----------------------+----------------------+----------------+-----+-----+------+
TOTAL:  LCUs: 82 (64.0625%), Subclusters: 192 (37.5%), Weight memory cuts: 43 (4.19922%), L3 Output memory cuts: 151 (14.7461%), L3 Input memory cuts: 150 (14.6484%), L3 total cuts: 194 (18.9453%), L4 memory cuts: 1 (3.57143%), IBs: 0 (0%), OBs: 0 (0%), APUs: 83 (51.875%)
[2026-10-08 12:04:18.865] [default] [info] Pre-allocation buffers for mars_model_float32_context_0 buffers:
+----------------------------+----------------------------+-------------------------------+
| Src                        | Dst                        | Buffers                       |
+----------------------------+----------------------------+-------------------------------+
| input_layer1               | normalization1             | 2 (L3 memory cuts: 1)         |
| normalization1             | conv1                      | 3 (L3 memory cuts: 1)         |
| conv1                      | dw1_sd0                    | 2[RPC] (L3 memory cuts: 2)    |
| conv1                      | dw1_sd1                    | 2[RPC] (L3 memory cuts: 2)    |
| conv1                      | dw1_sd2                    | 2[RPC] (L3 memory cuts: 2)    |
| conv1                      | dw1_sd3                    | 2[RPC] (L3 memory cuts: 2)    |
| dw1_sd0                    | dw1_sdc                    | 2 (L3 memory cuts: 1)         |
| dw1_sd1                    | dw1_sdc                    | 2 (L3 memory cuts: 1)         |
| dw1_sd2                    | dw1_sdc                    | 2 (L3 memory cuts: 1)         |
| dw1_sd3                    | dw1_sdc                    | 2 (L3 memory cuts: 1)         |
| dw1_sdc                    | conv2                      | 3 (L3 memory cuts: 1)         |
| conv2                      | conv3_d0                   | 4[S][RPC] (L3 memory cuts: 4) |
| conv2                      | conv3_d1                   | 4[S][RPC] (L3 memory cuts: 4) |
| conv2                      | conv3_d2                   | 4[S][RPC] (L3 memory cuts: 4) |
| conv3_d0                   | conv3_dc                   | 2[RPC] (L3 memory cuts: 2)    |
| conv3_d1                   | conv3_dc                   | 2[RPC] (L3 memory cuts: 2)    |
| conv3_d2                   | conv3_dc                   | 2[RPC] (L3 memory cuts: 2)    |
| conv3_dc                   | dw2_fs                     | 2[RPC] (L3 memory cuts: 2)    |
| dw2_fs                     | dw2_d0                     | 7 (L3 memory cuts: 1)         |
| dw2_fs                     | dw2_d1                     | 7 (L3 memory cuts: 1)         |
| dw2_fs                     | dw2_d2                     | 7 (L3 memory cuts: 1)         |
| dw2_fs                     | dw2_d3                     | 7 (L3 memory cuts: 1)         |
| dw2_d0                     | dw2_dc                     | 3[RPC] (L3 memory cuts: 3)    |
| dw2_d1                     | dw2_dc                     | 3[RPC] (L3 memory cuts: 3)    |
| dw2_d2                     | dw2_dc                     | 3[RPC] (L3 memory cuts: 3)    |
| dw2_d3                     | dw2_dc                     | 3[RPC] (L3 memory cuts: 3)    |
| dw2_dc                     | conv4                      | 4[S] (L3 memory cuts: 1)      |
| conv4                      | conv5                      | 27[S] (L3 memory cuts: 1)     |
| conv4                      | conv6                      | 27[S] (L3 memory cuts: 1)     |
| conv5                      | dw3_fs                     | 2[RPC] (L3 memory cuts: 2)    |
| dw3_fs                     | dw3_d0                     | 2 (L3 memory cuts: 1)         |
| dw3_fs                     | dw3_d1                     | 2 (L3 memory cuts: 1)         |
| dw3_fs                     | dw3_d2                     | 2 (L3 memory cuts: 1)         |
| dw3_fs                     | dw3_d3                     | 2 (L3 memory cuts: 1)         |
| dw3_d0                     | dw3_dc                     | 3[RPC] (L3 memory cuts: 3)    |
| dw3_d1                     | dw3_dc                     | 3[RPC] (L3 memory cuts: 3)    |
| dw3_d2                     | dw3_dc                     | 3[RPC] (L3 memory cuts: 3)    |
| dw3_d3                     | dw3_dc                     | 3[RPC] (L3 memory cuts: 3)    |
| dw3_dc                     | conv6                      | 3[S] (L3 memory cuts: 1)      |
| conv6                      | conv7                      | 3[S] (L3 memory cuts: 1)      |
| conv7                      | dw4_lanes_feature_splitter | 2[RPC] (L3 memory cuts: 2)    |
| dw4_lanes_feature_splitter | dw4_lanes_2                | 6 (L3 memory cuts: 2)         |
| dw4_lanes_2                | dw4_lanes_concat           | 3 (L3 memory cuts: 2)         |
| dw4_lanes_concat           | conv8                      | 2[S] (L3 memory cuts: 1)      |
| conv8                      | conv9                      | 5 (L3 memory cuts: 1)         |
| conv8                      | conv10                     | 5 (L3 memory cuts: 1)         |
| conv9                      | dw5_sd0                    | 2 (L3 memory cuts: 1)         |
| conv9                      | dw5_sd1                    | 2 (L3 memory cuts: 1)         |
| dw5_sd0                    | dw5_sdc                    | 2 (L3 memory cuts: 1)         |
| dw5_sd1                    | dw5_sdc                    | 2 (L3 memory cuts: 1)         |
| dw5_sdc                    | conv10                     | 2 (L3 memory cuts: 1)         |
| conv10                     | conv11                     | 5 (L3 memory cuts: 1)         |
| conv10                     | conv12                     | 5 (L3 memory cuts: 1)         |
| conv11                     | dw6_sd0                    | 2 (L3 memory cuts: 1)         |
| conv11                     | dw6_sd1                    | 2 (L3 memory cuts: 1)         |
| dw6_sd0                    | dw6_sdc                    | 2 (L3 memory cuts: 1)         |
| dw6_sd1                    | dw6_sdc                    | 2 (L3 memory cuts: 1)         |
| dw6_sdc                    | conv12                     | 3 (L3 memory cuts: 1)         |
| conv12                     | conv13                     | 2[S] (L3 memory cuts: 1)      |
| conv13                     | dw7                        | 6 (L3 memory cuts: 2)         |
| dw7                        | conv14                     | 2 (L3 memory cuts: 1)         |
| conv14                     | conv15                     | 3 (L3 memory cuts: 1)         |
| conv14                     | conv16                     | 3 (L3 memory cuts: 1)         |
| conv15                     | dw8                        | 2 (L3 memory cuts: 1)         |
| dw8                        | conv16                     | 2[RPC] (L3 memory cuts: 2)    |
| conv16                     | conv17                     | 4 (L3 memory cuts: 1)         |
| conv16                     | conv18                     | 4 (L3 memory cuts: 1)         |
| conv17                     | dw9                        | 2 (L3 memory cuts: 1)         |
| dw9                        | conv18                     | 2[RPC] (L3 memory cuts: 2)    |
| conv18                     | conv19                     | 5 (L3 memory cuts: 1)         |
| conv18                     | conv20                     | 5 (L3 memory cuts: 1)         |
| conv19                     | dw10                       | 2 (L3 memory cuts: 1)         |
| dw10                       | conv20                     | 3[RPC] (L3 memory cuts: 3)    |
| conv20                     | conv21                     | 2[S] (L3 memory cuts: 1)      |
| conv21                     | dw11                       | 2 (L3 memory cuts: 1)         |
| dw11                       | conv22                     | 2[RPC] (L3 memory cuts: 2)    |
| conv22                     | conv23                     | 4 (L3 memory cuts: 1)         |
| conv22                     | conv24                     | 4 (L3 memory cuts: 1)         |
| conv23                     | dw12_sd0                   | 2 (L3 memory cuts: 1)         |
| conv23                     | dw12_sd1                   | 2 (L3 memory cuts: 1)         |
| dw12_sd0                   | dw12_sdc                   | 2 (L3 memory cuts: 1)         |
| dw12_sd1                   | dw12_sdc                   | 2 (L3 memory cuts: 1)         |
| dw12_sdc                   | conv24                     | 2 (L3 memory cuts: 1)         |
| conv24                     | conv25                     | 5 (L3 memory cuts: 1)         |
| conv24                     | conv26                     | 5 (L3 memory cuts: 1)         |
| conv25                     | dw13_sd0                   | 2 (L3 memory cuts: 1)         |
| conv25                     | dw13_sd1                   | 2 (L3 memory cuts: 1)         |
| dw13_sd0                   | dw13_sdc                   | 2 (L3 memory cuts: 1)         |
| dw13_sd1                   | dw13_sdc                   | 2 (L3 memory cuts: 1)         |
| dw13_sdc                   | conv26                     | 3 (L3 memory cuts: 1)         |
| conv26                     | conv27                     | 2[S] (L3 memory cuts: 1)      |
| conv27                     | dw14                       | 5 (L3 memory cuts: 2)         |
| dw14                       | conv28                     | 2 (L3 memory cuts: 1)         |
| conv28                     | conv29                     | 3 (L3 memory cuts: 1)         |
| conv28                     | conv30                     | 3 (L3 memory cuts: 1)         |
| conv29                     | dw15                       | 2 (L3 memory cuts: 1)         |
| dw15                       | conv30                     | 2 (L3 memory cuts: 1)         |
| conv30                     | conv31                     | 4 (L3 memory cuts: 1)         |
| conv30                     | conv32                     | 4 (L3 memory cuts: 1)         |
| conv31                     | dw16                       | 2 (L3 memory cuts: 1)         |
| dw16                       | conv32                     | 3 (L3 memory cuts: 1)         |
| conv32                     | conv33                     | 2[S] (L3 memory cuts: 1)      |
| conv33                     | dw17                       | 1 (L3 memory cuts: 1)         |
| dw17                       | conv34                     | 2 (L3 memory cuts: 1)         |
| conv34                     | conv35                     | 2[S] (L3 memory cuts: 1)      |
| conv35                     | avgpool1                   | 2 (L3 memory cuts: 1)         |
| avgpool1                   | fc1                        | 1 (L3 memory cuts: 1)         |
| fc1                        | softmax1                   | 2 (L3 memory cuts: 1)         |
| softmax1                   | output_layer1              | 1 (L4 memory cuts: 1)         |
+----------------------------+----------------------------+-------------------------------+
[2026-10-08 12:04:18.865] [default] [info] Higher utilization solution passed validation, taking it
[2026-10-08 12:04:18.881] [default] [info] Adjust Edges Start State buffers:
+----------------------------+----------------------------+--------------------------+
| Src                        | Dst                        | Buffers                  |
+----------------------------+----------------------------+--------------------------+
| input_layer1               | normalization1             | 2 (L3 memory cuts: 1)    |
| normalization1             | conv1                      | 2 (L3 memory cuts: 1)    |
| conv1                      | dw1_sd0                    | 2 (L3 memory cuts: 1)    |
| conv1                      | dw1_sd1                    | 2 (L3 memory cuts: 1)    |
| conv1                      | dw1_sd2                    | 2 (L3 memory cuts: 1)    |
| conv1                      | dw1_sd3                    | 2 (L3 memory cuts: 1)    |
| dw1_sd0                    | dw1_sdc                    | 2 (L3 memory cuts: 1)    |
| dw1_sd1                    | dw1_sdc                    | 2 (L3 memory cuts: 1)    |
| dw1_sd2                    | dw1_sdc                    | 2 (L3 memory cuts: 1)    |
| dw1_sd3                    | dw1_sdc                    | 2 (L3 memory cuts: 1)    |
| dw1_sdc                    | conv2                      | 2 (L3 memory cuts: 1)    |
| conv2                      | conv3_d0                   | 3[S] (L3 memory cuts: 1) |
| conv2                      | conv3_d1                   | 3[S] (L3 memory cuts: 1) |
| conv2                      | conv3_d2                   | 3[S] (L3 memory cuts: 1) |
| conv3_d0                   | conv3_dc                   | 2[S] (L3 memory cuts: 1) |
| conv3_d1                   | conv3_dc                   | 2[S] (L3 memory cuts: 1) |
| conv3_d2                   | conv3_dc                   | 2[S] (L3 memory cuts: 1) |
| conv3_dc                   | dw2_fs                     | 2 (L3 memory cuts: 1)    |
| dw2_fs                     | dw2_d0                     | 5 (L3 memory cuts: 1)    |
| dw2_fs                     | dw2_d1                     | 5 (L3 memory cuts: 1)    |
| dw2_fs                     | dw2_d2                     | 5 (L3 memory cuts: 1)    |
| dw2_fs                     | dw2_d3                     | 5 (L3 memory cuts: 1)    |
| dw2_d0                     | dw2_dc                     | 2 (L3 memory cuts: 1)    |
| dw2_d1                     | dw2_dc                     | 2 (L3 memory cuts: 1)    |
| dw2_d2                     | dw2_dc                     | 2 (L3 memory cuts: 1)    |
| dw2_d3                     | dw2_dc                     | 2 (L3 memory cuts: 1)    |
| dw2_dc                     | conv4                      | 2[S] (L3 memory cuts: 1) |
| conv4                      | conv5                      | 2[S] (L3 memory cuts: 1) |
| conv4                      | conv6                      | 2[S] (L3 memory cuts: 1) |
| conv5                      | dw3_fs                     | 2 (L3 memory cuts: 1)    |
| dw3_fs                     | dw3_d0                     | 2 (L3 memory cuts: 1)    |
| dw3_fs                     | dw3_d1                     | 2 (L3 memory cuts: 1)    |
| dw3_fs                     | dw3_d2                     | 2 (L3 memory cuts: 1)    |
| dw3_fs                     | dw3_d3                     | 2 (L3 memory cuts: 1)    |
| dw3_d0                     | dw3_dc                     | 2 (L3 memory cuts: 1)    |
| dw3_d1                     | dw3_dc                     | 2 (L3 memory cuts: 1)    |
| dw3_d2                     | dw3_dc                     | 2 (L3 memory cuts: 1)    |
| dw3_d3                     | dw3_dc                     | 2 (L3 memory cuts: 1)    |
| dw3_dc                     | conv6                      | 2[S] (L3 memory cuts: 1) |
| conv6                      | conv7                      | 2[S] (L3 memory cuts: 1) |
| conv7                      | dw4_lanes_feature_splitter | 2 (L3 memory cuts: 1)    |
| dw4_lanes_feature_splitter | dw4_lanes_2                | 5 (L3 memory cuts: 2)    |
| dw4_lanes_2                | dw4_lanes_concat           | 2 (L3 memory cuts: 2)    |
| dw4_lanes_concat           | conv8                      | 2[S] (L3 memory cuts: 1) |
| conv8                      | conv9                      | 2 (L3 memory cuts: 1)    |
| conv8                      | conv10                     | 2 (L3 memory cuts: 1)    |
| conv9                      | dw5_sd0                    | 2 (L3 memory cuts: 1)    |
| conv9                      | dw5_sd1                    | 2 (L3 memory cuts: 1)    |
| dw5_sd0                    | dw5_sdc                    | 2 (L3 memory cuts: 1)    |
| dw5_sd1                    | dw5_sdc                    | 2 (L3 memory cuts: 1)    |
| dw5_sdc                    | conv10                     | 2 (L3 memory cuts: 1)    |
| conv10                     | conv11                     | 2 (L3 memory cuts: 1)    |
| conv10                     | conv12                     | 2 (L3 memory cuts: 1)    |
| conv11                     | dw6_sd0                    | 2 (L3 memory cuts: 1)    |
| conv11                     | dw6_sd1                    | 2 (L3 memory cuts: 1)    |
| dw6_sd0                    | dw6_sdc                    | 2 (L3 memory cuts: 1)    |
| dw6_sd1                    | dw6_sdc                    | 2 (L3 memory cuts: 1)    |
| dw6_sdc                    | conv12                     | 2 (L3 memory cuts: 1)    |
| conv12                     | conv13                     | 2[S] (L3 memory cuts: 1) |
| conv13                     | dw7                        | 5 (L3 memory cuts: 1)    |
| dw7                        | conv14                     | 2 (L3 memory cuts: 1)    |
| conv14                     | conv15                     | 2 (L3 memory cuts: 1)    |
| conv14                     | conv16                     | 2 (L3 memory cuts: 1)    |
| conv15                     | dw8                        | 2 (L3 memory cuts: 1)    |
| dw8                        | conv16                     | 2 (L3 memory cuts: 1)    |
| conv16                     | conv17                     | 2 (L3 memory cuts: 1)    |
| conv16                     | conv18                     | 2 (L3 memory cuts: 1)    |
| conv17                     | dw9                        | 2 (L3 memory cuts: 1)    |
| dw9                        | conv18                     | 2 (L3 memory cuts: 1)    |
| conv18                     | conv19                     | 2 (L3 memory cuts: 1)    |
| conv18                     | conv20                     | 2 (L3 memory cuts: 1)    |
| conv19                     | dw10                       | 2 (L3 memory cuts: 1)    |
| dw10                       | conv20                     | 2 (L3 memory cuts: 1)    |
| conv20                     | conv21                     | 2[S] (L3 memory cuts: 1) |
| conv21                     | dw11                       | 2 (L3 memory cuts: 1)    |
| dw11                       | conv22                     | 2 (L3 memory cuts: 1)    |
| conv22                     | conv23                     | 2 (L3 memory cuts: 1)    |
| conv22                     | conv24                     | 2 (L3 memory cuts: 1)    |
| conv23                     | dw12_sd0                   | 2 (L3 memory cuts: 1)    |
| conv23                     | dw12_sd1                   | 2 (L3 memory cuts: 1)    |
| dw12_sd0                   | dw12_sdc                   | 2 (L3 memory cuts: 1)    |
| dw12_sd1                   | dw12_sdc                   | 2 (L3 memory cuts: 1)    |
| dw12_sdc                   | conv24                     | 2 (L3 memory cuts: 1)    |
| conv24                     | conv25                     | 2 (L3 memory cuts: 1)    |
| conv24                     | conv26                     | 2 (L3 memory cuts: 1)    |
| conv25                     | dw13_sd0                   | 2 (L3 memory cuts: 1)    |
| conv25                     | dw13_sd1                   | 2 (L3 memory cuts: 1)    |
| dw13_sd0                   | dw13_sdc                   | 2 (L3 memory cuts: 1)    |
| dw13_sd1                   | dw13_sdc                   | 2 (L3 memory cuts: 1)    |
| dw13_sdc                   | conv26                     | 2 (L3 memory cuts: 1)    |
| conv26                     | conv27                     | 2[S] (L3 memory cuts: 1) |
| conv27                     | dw14                       | 5 (L3 memory cuts: 2)    |
| dw14                       | conv28                     | 2 (L3 memory cuts: 1)    |
| conv28                     | conv29                     | 2 (L3 memory cuts: 1)    |
| conv28                     | conv30                     | 2 (L3 memory cuts: 1)    |
| conv29                     | dw15                       | 2 (L3 memory cuts: 1)    |
| dw15                       | conv30                     | 2 (L3 memory cuts: 1)    |
| conv30                     | conv31                     | 2 (L3 memory cuts: 1)    |
| conv30                     | conv32                     | 2 (L3 memory cuts: 1)    |
| conv31                     | dw16                       | 2 (L3 memory cuts: 1)    |
| dw16                       | conv32                     | 2 (L3 memory cuts: 1)    |
| conv32                     | conv33                     | 2[S] (L3 memory cuts: 1) |
| conv33                     | dw17                       | 2 (L3 memory cuts: 1)    |
| dw17                       | conv34                     | 2 (L3 memory cuts: 1)    |
| conv34                     | conv35                     | 2[S] (L3 memory cuts: 1) |
| conv35                     | avgpool1                   | 2 (L3 memory cuts: 1)    |
| avgpool1                   | fc1                        | 2 (L3 memory cuts: 1)    |
| fc1                        | softmax1                   | 2 (L3 memory cuts: 1)    |
| softmax1                   | output_layer1              | 2 (L4 memory cuts: 1)    |
+----------------------------+----------------------------+--------------------------+
[2026-10-08 12:04:20.437] [default] [info] Adjust Edges After Merges and Joins buffers:
+----------------------------+----------------------------+---------------------------+
| Src                        | Dst                        | Buffers                   |
+----------------------------+----------------------------+---------------------------+
| input_layer1               | normalization1             | 2 (L3 memory cuts: 1)     |
| normalization1             | conv1                      | 3 (L3 memory cuts: 1)     |
| conv1                      | dw1_sd0                    | 2 (L3 memory cuts: 1)     |
| conv1                      | dw1_sd1                    | 2 (L3 memory cuts: 1)     |
| conv1                      | dw1_sd2                    | 2 (L3 memory cuts: 1)     |
| conv1                      | dw1_sd3                    | 2 (L3 memory cuts: 1)     |
| dw1_sd0                    | dw1_sdc                    | 2 (L3 memory cuts: 1)     |
| dw1_sd1                    | dw1_sdc                    | 2 (L3 memory cuts: 1)     |
| dw1_sd2                    | dw1_sdc                    | 2 (L3 memory cuts: 1)     |
| dw1_sd3                    | dw1_sdc                    | 2 (L3 memory cuts: 1)     |
| dw1_sdc                    | conv2                      | 3 (L3 memory cuts: 1)     |
| conv2                      | conv3_d0                   | 4[S] (L3 memory cuts: 1)  |
| conv2                      | conv3_d1                   | 4[S] (L3 memory cuts: 1)  |
| conv2                      | conv3_d2                   | 4[S] (L3 memory cuts: 1)  |
| conv3_d0                   | conv3_dc                   | 6[S] (L3 memory cuts: 1)  |
| conv3_d1                   | conv3_dc                   | 6[S] (L3 memory cuts: 1)  |
| conv3_d2                   | conv3_dc                   | 6[S] (L3 memory cuts: 1)  |
| conv3_dc                   | dw2_fs                     | 2 (L3 memory cuts: 1)     |
| dw2_fs                     | dw2_d0                     | 7 (L3 memory cuts: 1)     |
| dw2_fs                     | dw2_d1                     | 7 (L3 memory cuts: 1)     |
| dw2_fs                     | dw2_d2                     | 7 (L3 memory cuts: 1)     |
| dw2_fs                     | dw2_d3                     | 7 (L3 memory cuts: 1)     |
| dw2_d0                     | dw2_dc                     | 3 (L3 memory cuts: 1)     |
| dw2_d1                     | dw2_dc                     | 3 (L3 memory cuts: 1)     |
| dw2_d2                     | dw2_dc                     | 3 (L3 memory cuts: 1)     |
| dw2_d3                     | dw2_dc                     | 3 (L3 memory cuts: 1)     |
| dw2_dc                     | conv4                      | 4[S] (L3 memory cuts: 1)  |
| conv4                      | conv5                      | 27[S] (L3 memory cuts: 1) |
| conv4                      | conv6                      | 27[S] (L3 memory cuts: 1) |
| conv5                      | dw3_fs                     | 2 (L3 memory cuts: 1)     |
| dw3_fs                     | dw3_d0                     | 2 (L3 memory cuts: 1)     |
| dw3_fs                     | dw3_d1                     | 2 (L3 memory cuts: 1)     |
| dw3_fs                     | dw3_d2                     | 2 (L3 memory cuts: 1)     |
| dw3_fs                     | dw3_d3                     | 2 (L3 memory cuts: 1)     |
| dw3_d0                     | dw3_dc                     | 3 (L3 memory cuts: 1)     |
| dw3_d1                     | dw3_dc                     | 3 (L3 memory cuts: 1)     |
| dw3_d2                     | dw3_dc                     | 3 (L3 memory cuts: 1)     |
| dw3_d3                     | dw3_dc                     | 3 (L3 memory cuts: 1)     |
| dw3_dc                     | conv6                      | 3[S] (L3 memory cuts: 1)  |
| conv6                      | conv7                      | 3[S] (L3 memory cuts: 1)  |
| conv7                      | dw4_lanes_feature_splitter | 2 (L3 memory cuts: 1)     |
| dw4_lanes_feature_splitter | dw4_lanes_2                | 6 (L3 memory cuts: 2)     |
| dw4_lanes_2                | dw4_lanes_concat           | 3 (L3 memory cuts: 2)     |
| dw4_lanes_concat           | conv8                      | 2[S] (L3 memory cuts: 1)  |
| conv8                      | conv9                      | 5 (L3 memory cuts: 1)     |
| conv8                      | conv10                     | 5 (L3 memory cuts: 1)     |
| conv9                      | dw5_sd0                    | 2 (L3 memory cuts: 1)     |
| conv9                      | dw5_sd1                    | 2 (L3 memory cuts: 1)     |
| dw5_sd0                    | dw5_sdc                    | 2 (L3 memory cuts: 1)     |
| dw5_sd1                    | dw5_sdc                    | 2 (L3 memory cuts: 1)     |
| dw5_sdc                    | conv10                     | 2 (L3 memory cuts: 1)     |
| conv10                     | conv11                     | 5 (L3 memory cuts: 1)     |
| conv10                     | conv12                     | 5 (L3 memory cuts: 1)     |
| conv11                     | dw6_sd0                    | 2 (L3 memory cuts: 1)     |
| conv11                     | dw6_sd1                    | 2 (L3 memory cuts: 1)     |
| dw6_sd0                    | dw6_sdc                    | 2 (L3 memory cuts: 1)     |
| dw6_sd1                    | dw6_sdc                    | 2 (L3 memory cuts: 1)     |
| dw6_sdc                    | conv12                     | 3 (L3 memory cuts: 1)     |
| conv12                     | conv13                     | 2[S] (L3 memory cuts: 1)  |
| conv13                     | dw7                        | 6 (L3 memory cuts: 2)     |
| dw7                        | conv14                     | 2 (L3 memory cuts: 1)     |
| conv14                     | conv15                     | 3 (L3 memory cuts: 1)     |
| conv14                     | conv16                     | 3 (L3 memory cuts: 1)     |
| conv15                     | dw8                        | 2 (L3 memory cuts: 1)     |
| dw8                        | conv16                     | 2 (L3 memory cuts: 1)     |
| conv16                     | conv17                     | 4 (L3 memory cuts: 1)     |
| conv16                     | conv18                     | 4 (L3 memory cuts: 1)     |
| conv17                     | dw9                        | 2 (L3 memory cuts: 1)     |
| dw9                        | conv18                     | 2 (L3 memory cuts: 1)     |
| conv18                     | conv19                     | 5 (L3 memory cuts: 1)     |
| conv18                     | conv20                     | 5 (L3 memory cuts: 1)     |
| conv19                     | dw10                       | 2 (L3 memory cuts: 1)     |
| dw10                       | conv20                     | 3 (L3 memory cuts: 1)     |
| conv20                     | conv21                     | 2[S] (L3 memory cuts: 1)  |
| conv21                     | dw11                       | 2 (L3 memory cuts: 1)     |
| dw11                       | conv22                     | 2 (L3 memory cuts: 1)     |
| conv22                     | conv23                     | 4 (L3 memory cuts: 1)     |
| conv22                     | conv24                     | 4 (L3 memory cuts: 1)     |
| conv23                     | dw12_sd0                   | 2 (L3 memory cuts: 1)     |
| conv23                     | dw12_sd1                   | 2 (L3 memory cuts: 1)     |
| dw12_sd0                   | dw12_sdc                   | 2 (L3 memory cuts: 1)     |
| dw12_sd1                   | dw12_sdc                   | 2 (L3 memory cuts: 1)     |
| dw12_sdc                   | conv24                     | 2 (L3 memory cuts: 1)     |
| conv24                     | conv25                     | 5 (L3 memory cuts: 1)     |
| conv24                     | conv26                     | 5 (L3 memory cuts: 1)     |
| conv25                     | dw13_sd0                   | 2 (L3 memory cuts: 1)     |
| conv25                     | dw13_sd1                   | 2 (L3 memory cuts: 1)     |
| dw13_sd0                   | dw13_sdc                   | 2 (L3 memory cuts: 1)     |
| dw13_sd1                   | dw13_sdc                   | 2 (L3 memory cuts: 1)     |
| dw13_sdc                   | conv26                     | 3 (L3 memory cuts: 1)     |
| conv26                     | conv27                     | 2[S] (L3 memory cuts: 1)  |
| conv27                     | dw14                       | 5 (L3 memory cuts: 2)     |
| dw14                       | conv28                     | 2 (L3 memory cuts: 1)     |
| conv28                     | conv29                     | 3 (L3 memory cuts: 1)     |
| conv28                     | conv30                     | 3 (L3 memory cuts: 1)     |
| conv29                     | dw15                       | 2 (L3 memory cuts: 1)     |
| dw15                       | conv30                     | 2 (L3 memory cuts: 1)     |
| conv30                     | conv31                     | 4 (L3 memory cuts: 1)     |
| conv30                     | conv32                     | 4 (L3 memory cuts: 1)     |
| conv31                     | dw16                       | 2 (L3 memory cuts: 1)     |
| dw16                       | conv32                     | 3 (L3 memory cuts: 1)     |
| conv32                     | conv33                     | 2[S] (L3 memory cuts: 1)  |
| conv33                     | dw17                       | 1 (L3 memory cuts: 1)     |
| dw17                       | conv34                     | 2 (L3 memory cuts: 1)     |
| conv34                     | conv35                     | 2[S] (L3 memory cuts: 1)  |
| conv35                     | avgpool1                   | 2 (L3 memory cuts: 1)     |
| avgpool1                   | fc1                        | 1 (L3 memory cuts: 1)     |
| fc1                        | softmax1                   | 2 (L3 memory cuts: 1)     |
| softmax1                   | output_layer1              | 1 (L4 memory cuts: 1)     |
+----------------------------+----------------------------+---------------------------+
[2026-10-08 12:04:22.070] [default] [info] Node needed ROW_PER_CUT due to low halts FPS but was not set: dw2_fs, 
[2026-10-08 12:04:23.056] [default] [info] Adjust Edges Before Dimaffer buffers:
+----------------------------+----------------------------+-------------------------------+
| Src                        | Dst                        | Buffers                       |
+----------------------------+----------------------------+-------------------------------+
| input_layer1               | normalization1             | 2 (L3 memory cuts: 1)         |
| normalization1             | conv1                      | 3 (L3 memory cuts: 1)         |
| conv1                      | dw1_sd0                    | 2[RPC] (L3 memory cuts: 2)    |
| conv1                      | dw1_sd1                    | 2[RPC] (L3 memory cuts: 2)    |
| conv1                      | dw1_sd2                    | 2[RPC] (L3 memory cuts: 2)    |
| conv1                      | dw1_sd3                    | 2[RPC] (L3 memory cuts: 2)    |
| dw1_sd0                    | dw1_sdc                    | 2 (L3 memory cuts: 1)         |
| dw1_sd1                    | dw1_sdc                    | 2 (L3 memory cuts: 1)         |
| dw1_sd2                    | dw1_sdc                    | 2 (L3 memory cuts: 1)         |
| dw1_sd3                    | dw1_sdc                    | 2 (L3 memory cuts: 1)         |
| dw1_sdc                    | conv2                      | 3 (L3 memory cuts: 1)         |
| conv2                      | conv3_d0                   | 4[S][RPC] (L3 memory cuts: 4) |
| conv2                      | conv3_d1                   | 4[S][RPC] (L3 memory cuts: 4) |
| conv2                      | conv3_d2                   | 4[S][RPC] (L3 memory cuts: 4) |
| conv3_d0                   | conv3_dc                   | 2[RPC] (L3 memory cuts: 2)    |
| conv3_d1                   | conv3_dc                   | 2[RPC] (L3 memory cuts: 2)    |
| conv3_d2                   | conv3_dc                   | 2[RPC] (L3 memory cuts: 2)    |
| conv3_dc                   | dw2_fs                     | 2[RPC] (L3 memory cuts: 2)    |
| dw2_fs                     | dw2_d0                     | 7 (L3 memory cuts: 1)         |
| dw2_fs                     | dw2_d1                     | 7 (L3 memory cuts: 1)         |
| dw2_fs                     | dw2_d2                     | 7 (L3 memory cuts: 1)         |
| dw2_fs                     | dw2_d3                     | 7 (L3 memory cuts: 1)         |
| dw2_d0                     | dw2_dc                     | 3[RPC] (L3 memory cuts: 3)    |
| dw2_d1                     | dw2_dc                     | 3[RPC] (L3 memory cuts: 3)    |
| dw2_d2                     | dw2_dc                     | 3[RPC] (L3 memory cuts: 3)    |
| dw2_d3                     | dw2_dc                     | 3[RPC] (L3 memory cuts: 3)    |
| dw2_dc                     | conv4                      | 4[S] (L3 memory cuts: 1)      |
| conv4                      | conv5                      | 27[S] (L3 memory cuts: 1)     |
| conv4                      | conv6                      | 27[S] (L3 memory cuts: 1)     |
| conv5                      | dw3_fs                     | 2[RPC] (L3 memory cuts: 2)    |
| dw3_fs                     | dw3_d0                     | 2 (L3 memory cuts: 1)         |
| dw3_fs                     | dw3_d1                     | 2 (L3 memory cuts: 1)         |
| dw3_fs                     | dw3_d2                     | 2 (L3 memory cuts: 1)         |
| dw3_fs                     | dw3_d3                     | 2 (L3 memory cuts: 1)         |
| dw3_d0                     | dw3_dc                     | 3[RPC] (L3 memory cuts: 3)    |
| dw3_d1                     | dw3_dc                     | 3[RPC] (L3 memory cuts: 3)    |
| dw3_d2                     | dw3_dc                     | 3[RPC] (L3 memory cuts: 3)    |
| dw3_d3                     | dw3_dc                     | 3[RPC] (L3 memory cuts: 3)    |
| dw3_dc                     | conv6                      | 3[S] (L3 memory cuts: 1)      |
| conv6                      | conv7                      | 3[S] (L3 memory cuts: 1)      |
| conv7                      | dw4_lanes_feature_splitter | 2[RPC] (L3 memory cuts: 2)    |
| dw4_lanes_feature_splitter | dw4_lanes_2                | 6 (L3 memory cuts: 2)         |
| dw4_lanes_2                | dw4_lanes_concat           | 3 (L3 memory cuts: 2)         |
| dw4_lanes_concat           | conv8                      | 2[S] (L3 memory cuts: 1)      |
| conv8                      | conv9                      | 5 (L3 memory cuts: 1)         |
| conv8                      | conv10                     | 5 (L3 memory cuts: 1)         |
| conv9                      | dw5_sd0                    | 2 (L3 memory cuts: 1)         |
| conv9                      | dw5_sd1                    | 2 (L3 memory cuts: 1)         |
| dw5_sd0                    | dw5_sdc                    | 2 (L3 memory cuts: 1)         |
| dw5_sd1                    | dw5_sdc                    | 2 (L3 memory cuts: 1)         |
| dw5_sdc                    | conv10                     | 2 (L3 memory cuts: 1)         |
| conv10                     | conv11                     | 5 (L3 memory cuts: 1)         |
| conv10                     | conv12                     | 5 (L3 memory cuts: 1)         |
| conv11                     | dw6_sd0                    | 2 (L3 memory cuts: 1)         |
| conv11                     | dw6_sd1                    | 2 (L3 memory cuts: 1)         |
| dw6_sd0                    | dw6_sdc                    | 2 (L3 memory cuts: 1)         |
| dw6_sd1                    | dw6_sdc                    | 2 (L3 memory cuts: 1)         |
| dw6_sdc                    | conv12                     | 3 (L3 memory cuts: 1)         |
| conv12                     | conv13                     | 2[S] (L3 memory cuts: 1)      |
| conv13                     | dw7                        | 6 (L3 memory cuts: 2)         |
| dw7                        | conv14                     | 2 (L3 memory cuts: 1)         |
| conv14                     | conv15                     | 3 (L3 memory cuts: 1)         |
| conv14                     | conv16                     | 3 (L3 memory cuts: 1)         |
| conv15                     | dw8                        | 2 (L3 memory cuts: 1)         |
| dw8                        | conv16                     | 2[RPC] (L3 memory cuts: 2)    |
| conv16                     | conv17                     | 4 (L3 memory cuts: 1)         |
| conv16                     | conv18                     | 4 (L3 memory cuts: 1)         |
| conv17                     | dw9                        | 2 (L3 memory cuts: 1)         |
| dw9                        | conv18                     | 2[RPC] (L3 memory cuts: 2)    |
| conv18                     | conv19                     | 5 (L3 memory cuts: 1)         |
| conv18                     | conv20                     | 5 (L3 memory cuts: 1)         |
| conv19                     | dw10                       | 2 (L3 memory cuts: 1)         |
| dw10                       | conv20                     | 3[RPC] (L3 memory cuts: 3)    |
| conv20                     | conv21                     | 2[S] (L3 memory cuts: 1)      |
| conv21                     | dw11                       | 2 (L3 memory cuts: 1)         |
| dw11                       | conv22                     | 2[RPC] (L3 memory cuts: 2)    |
| conv22                     | conv23                     | 4 (L3 memory cuts: 1)         |
| conv22                     | conv24                     | 4 (L3 memory cuts: 1)         |
| conv23                     | dw12_sd0                   | 2 (L3 memory cuts: 1)         |
| conv23                     | dw12_sd1                   | 2 (L3 memory cuts: 1)         |
| dw12_sd0                   | dw12_sdc                   | 2 (L3 memory cuts: 1)         |
| dw12_sd1                   | dw12_sdc                   | 2 (L3 memory cuts: 1)         |
| dw12_sdc                   | conv24                     | 2 (L3 memory cuts: 1)         |
| conv24                     | conv25                     | 5 (L3 memory cuts: 1)         |
| conv24                     | conv26                     | 5 (L3 memory cuts: 1)         |
| conv25                     | dw13_sd0                   | 2 (L3 memory cuts: 1)         |
| conv25                     | dw13_sd1                   | 2 (L3 memory cuts: 1)         |
| dw13_sd0                   | dw13_sdc                   | 2 (L3 memory cuts: 1)         |
| dw13_sd1                   | dw13_sdc                   | 2 (L3 memory cuts: 1)         |
| dw13_sdc                   | conv26                     | 3 (L3 memory cuts: 1)         |
| conv26                     | conv27                     | 2[S] (L3 memory cuts: 1)      |
| conv27                     | dw14                       | 5 (L3 memory cuts: 2)         |
| dw14                       | conv28                     | 2 (L3 memory cuts: 1)         |
| conv28                     | conv29                     | 3 (L3 memory cuts: 1)         |
| conv28                     | conv30                     | 3 (L3 memory cuts: 1)         |
| conv29                     | dw15                       | 2 (L3 memory cuts: 1)         |
| dw15                       | conv30                     | 2 (L3 memory cuts: 1)         |
| conv30                     | conv31                     | 4 (L3 memory cuts: 1)         |
| conv30                     | conv32                     | 4 (L3 memory cuts: 1)         |
| conv31                     | dw16                       | 2 (L3 memory cuts: 1)         |
| dw16                       | conv32                     | 3 (L3 memory cuts: 1)         |
| conv32                     | conv33                     | 2[S] (L3 memory cuts: 1)      |
| conv33                     | dw17                       | 1 (L3 memory cuts: 1)         |
| dw17                       | conv34                     | 2 (L3 memory cuts: 1)         |
| conv34                     | conv35                     | 2[S] (L3 memory cuts: 1)      |
| conv35                     | avgpool1                   | 2 (L3 memory cuts: 1)         |
| avgpool1                   | fc1                        | 1 (L3 memory cuts: 1)         |
| fc1                        | softmax1                   | 2 (L3 memory cuts: 1)         |
| softmax1                   | output_layer1              | 1 (L4 memory cuts: 1)         |
+----------------------------+----------------------------+-------------------------------+
[2026-10-08 12:04:23.071] [default] [info] Adjust Edges After Dimaffer buffers:
+----------------------------+----------------------------+-------------------------------+
| Src                        | Dst                        | Buffers                       |
+----------------------------+----------------------------+-------------------------------+
| input_layer1               | normalization1             | 2 (L3 memory cuts: 1)         |
| normalization1             | conv1                      | 3 (L3 memory cuts: 1)         |
| conv1                      | dw1_sd0                    | 2[RPC] (L3 memory cuts: 2)    |
| conv1                      | dw1_sd1                    | 2[RPC] (L3 memory cuts: 2)    |
| conv1                      | dw1_sd2                    | 2[RPC] (L3 memory cuts: 2)    |
| conv1                      | dw1_sd3                    | 2[RPC] (L3 memory cuts: 2)    |
| dw1_sd0                    | dw1_sdc                    | 2 (L3 memory cuts: 1)         |
| dw1_sd1                    | dw1_sdc                    | 2 (L3 memory cuts: 1)         |
| dw1_sd2                    | dw1_sdc                    | 2 (L3 memory cuts: 1)         |
| dw1_sd3                    | dw1_sdc                    | 2 (L3 memory cuts: 1)         |
| dw1_sdc                    | conv2                      | 3 (L3 memory cuts: 1)         |
| conv2                      | conv3_d0                   | 4[S][RPC] (L3 memory cuts: 4) |
| conv2                      | conv3_d1                   | 4[S][RPC] (L3 memory cuts: 4) |
| conv2                      | conv3_d2                   | 4[S][RPC] (L3 memory cuts: 4) |
| conv3_d0                   | conv3_dc                   | 2[RPC] (L3 memory cuts: 2)    |
| conv3_d1                   | conv3_dc                   | 2[RPC] (L3 memory cuts: 2)    |
| conv3_d2                   | conv3_dc                   | 2[RPC] (L3 memory cuts: 2)    |
| conv3_dc                   | dw2_fs                     | 2[RPC] (L3 memory cuts: 2)    |
| dw2_fs                     | dw2_d0                     | 7 (L3 memory cuts: 1)         |
| dw2_fs                     | dw2_d1                     | 7 (L3 memory cuts: 1)         |
| dw2_fs                     | dw2_d2                     | 7 (L3 memory cuts: 1)         |
| dw2_fs                     | dw2_d3                     | 7 (L3 memory cuts: 1)         |
| dw2_d0                     | dw2_dc                     | 3[RPC] (L3 memory cuts: 3)    |
| dw2_d1                     | dw2_dc                     | 3[RPC] (L3 memory cuts: 3)    |
| dw2_d2                     | dw2_dc                     | 3[RPC] (L3 memory cuts: 3)    |
| dw2_d3                     | dw2_dc                     | 3[RPC] (L3 memory cuts: 3)    |
| dw2_dc                     | conv4                      | 4[S] (L3 memory cuts: 1)      |
| conv4                      | conv5                      | 27[S] (L3 memory cuts: 1)     |
| conv4                      | conv6                      | 27[S] (L3 memory cuts: 1)     |
| conv5                      | dw3_fs                     | 2[RPC] (L3 memory cuts: 2)    |
| dw3_fs                     | dw3_d0                     | 2 (L3 memory cuts: 1)         |
| dw3_fs                     | dw3_d1                     | 2 (L3 memory cuts: 1)         |
| dw3_fs                     | dw3_d2                     | 2 (L3 memory cuts: 1)         |
| dw3_fs                     | dw3_d3                     | 2 (L3 memory cuts: 1)         |
| dw3_d0                     | dw3_dc                     | 3[RPC] (L3 memory cuts: 3)    |
| dw3_d1                     | dw3_dc                     | 3[RPC] (L3 memory cuts: 3)    |
| dw3_d2                     | dw3_dc                     | 3[RPC] (L3 memory cuts: 3)    |
| dw3_d3                     | dw3_dc                     | 3[RPC] (L3 memory cuts: 3)    |
| dw3_dc                     | conv6                      | 3[S] (L3 memory cuts: 1)      |
| conv6                      | conv7                      | 3[S] (L3 memory cuts: 1)      |
| conv7                      | dw4_lanes_feature_splitter | 2[RPC] (L3 memory cuts: 2)    |
| dw4_lanes_feature_splitter | dw4_lanes_2                | 6 (L3 memory cuts: 2)         |
| dw4_lanes_2                | dw4_lanes_concat           | 3 (L3 memory cuts: 2)         |
| dw4_lanes_concat           | conv8                      | 2[S] (L3 memory cuts: 1)      |
| conv8                      | conv9                      | 5 (L3 memory cuts: 1)         |
| conv8                      | conv10                     | 5 (L3 memory cuts: 1)         |
| conv9                      | dw5_sd0                    | 2 (L3 memory cuts: 1)         |
| conv9                      | dw5_sd1                    | 2 (L3 memory cuts: 1)         |
| dw5_sd0                    | dw5_sdc                    | 2 (L3 memory cuts: 1)         |
| dw5_sd1                    | dw5_sdc                    | 2 (L3 memory cuts: 1)         |
| dw5_sdc                    | conv10                     | 2 (L3 memory cuts: 1)         |
| conv10                     | conv11                     | 5 (L3 memory cuts: 1)         |
| conv10                     | conv12                     | 5 (L3 memory cuts: 1)         |
| conv11                     | dw6_sd0                    | 2 (L3 memory cuts: 1)         |
| conv11                     | dw6_sd1                    | 2 (L3 memory cuts: 1)         |
| dw6_sd0                    | dw6_sdc                    | 2 (L3 memory cuts: 1)         |
| dw6_sd1                    | dw6_sdc                    | 2 (L3 memory cuts: 1)         |
| dw6_sdc                    | conv12                     | 3 (L3 memory cuts: 1)         |
| conv12                     | conv13                     | 2[S] (L3 memory cuts: 1)      |
| conv13                     | dw7                        | 6 (L3 memory cuts: 2)         |
| dw7                        | conv14                     | 2 (L3 memory cuts: 1)         |
| conv14                     | conv15                     | 3 (L3 memory cuts: 1)         |
| conv14                     | conv16                     | 3 (L3 memory cuts: 1)         |
| conv15                     | dw8                        | 2 (L3 memory cuts: 1)         |
| dw8                        | conv16                     | 2[RPC] (L3 memory cuts: 2)    |
| conv16                     | conv17                     | 4 (L3 memory cuts: 1)         |
| conv16                     | conv18                     | 4 (L3 memory cuts: 1)         |
| conv17                     | dw9                        | 2 (L3 memory cuts: 1)         |
| dw9                        | conv18                     | 2[RPC] (L3 memory cuts: 2)    |
| conv18                     | conv19                     | 5 (L3 memory cuts: 1)         |
| conv18                     | conv20                     | 5 (L3 memory cuts: 1)         |
| conv19                     | dw10                       | 2 (L3 memory cuts: 1)         |
| dw10                       | conv20                     | 3[RPC] (L3 memory cuts: 3)    |
| conv20                     | conv21                     | 2[S] (L3 memory cuts: 1)      |
| conv21                     | dw11                       | 2 (L3 memory cuts: 1)         |
| dw11                       | conv22                     | 2[RPC] (L3 memory cuts: 2)    |
| conv22                     | conv23                     | 4 (L3 memory cuts: 1)         |
| conv22                     | conv24                     | 4 (L3 memory cuts: 1)         |
| conv23                     | dw12_sd0                   | 2 (L3 memory cuts: 1)         |
| conv23                     | dw12_sd1                   | 2 (L3 memory cuts: 1)         |
| dw12_sd0                   | dw12_sdc                   | 2 (L3 memory cuts: 1)         |
| dw12_sd1                   | dw12_sdc                   | 2 (L3 memory cuts: 1)         |
| dw12_sdc                   | conv24                     | 2 (L3 memory cuts: 1)         |
| conv24                     | conv25                     | 5 (L3 memory cuts: 1)         |
| conv24                     | conv26                     | 5 (L3 memory cuts: 1)         |
| conv25                     | dw13_sd0                   | 2 (L3 memory cuts: 1)         |
| conv25                     | dw13_sd1                   | 2 (L3 memory cuts: 1)         |
| dw13_sd0                   | dw13_sdc                   | 2 (L3 memory cuts: 1)         |
| dw13_sd1                   | dw13_sdc                   | 2 (L3 memory cuts: 1)         |
| dw13_sdc                   | conv26                     | 3 (L3 memory cuts: 1)         |
| conv26                     | conv27                     | 2[S] (L3 memory cuts: 1)      |
| conv27                     | dw14                       | 5 (L3 memory cuts: 2)         |
| dw14                       | conv28                     | 2 (L3 memory cuts: 1)         |
| conv28                     | conv29                     | 3 (L3 memory cuts: 1)         |
| conv28                     | conv30                     | 3 (L3 memory cuts: 1)         |
| conv29                     | dw15                       | 2 (L3 memory cuts: 1)         |
| dw15                       | conv30                     | 2 (L3 memory cuts: 1)         |
| conv30                     | conv31                     | 4 (L3 memory cuts: 1)         |
| conv30                     | conv32                     | 4 (L3 memory cuts: 1)         |
| conv31                     | dw16                       | 2 (L3 memory cuts: 1)         |
| dw16                       | conv32                     | 3 (L3 memory cuts: 1)         |
| conv32                     | conv33                     | 2[S] (L3 memory cuts: 1)      |
| conv33                     | dw17                       | 1 (L3 memory cuts: 1)         |
| dw17                       | conv34                     | 2 (L3 memory cuts: 1)         |
| conv34                     | conv35                     | 2[S] (L3 memory cuts: 1)      |
| conv35                     | avgpool1                   | 2 (L3 memory cuts: 1)         |
| avgpool1                   | fc1                        | 1 (L3 memory cuts: 1)         |
| fc1                        | softmax1                   | 2 (L3 memory cuts: 1)         |
| softmax1                   | output_layer1              | 1 (L4 memory cuts: 1)         |
+----------------------------+----------------------------+-------------------------------+
[2026-10-08 12:04:24.575] [default] [info] Pre-allocation Resources for mars_model_float32_context_0
+--------------------------------------------------+-------------+-----------------------+-----------------------+----------------------+----------------+-----+-----+------+
| Node                                             | Subclusters | L3 Weight Memory Cuts | L3 Output Memory Cuts | L3 Input Memory Cuts | L4 Memory Cuts | IBs | OBs | APUs |
+--------------------------------------------------+-------------+-----------------------+-----------------------+----------------------+----------------+-----+-----+------+
| input_layer1                                     | 0           | 0                     | 0                     | 0                    | 0.500          | 0   | 0   | 0    |
| auto_reshape_from_input_layer1_to_normalization1 | 0           | 0                     | 0                     | 0                    | 1.000          | 0   | 0   | 0    |
| normalization1                                   | 1           | 0                     | 1                     | 0                    | 0.000          | 0   | 0   | 1    |
| conv1                                            | 4           | 0                     | 8                     | 1                    | 0.000          | 0   | 0   | 1    |
| dw1_sd0                                          | 2           | 0                     | 1                     | 2                    | 0.000          | 0   | 0   | 1    |
| dw1_sd1                                          | 2           | 0                     | 1                     | 2                    | 0.000          | 0   | 0   | 1    |
| dw1_sd2                                          | 2           | 0                     | 1                     | 2                    | 0.000          | 0   | 0   | 1    |
| dw1_sd3                                          | 2           | 0                     | 1                     | 2                    | 0.000          | 0   | 0   | 1    |
| dw1_sdc                                          | 1           | 0                     | 1                     | 4                    | 0.000          | 0   | 0   | 1    |
| conv2                                            | 1           | 0                     | 12                    | 1                    | 0.000          | 0   | 0   | 1    |
| conv3_d0                                         | 2           | 0                     | 2                     | 4                    | 0.000          | 0   | 0   | 1    |
| conv3_d1                                         | 2           | 0                     | 2                     | 4                    | 0.000          | 0   | 0   | 1    |
| conv3_d2                                         | 2           | 0                     | 2                     | 4                    | 0.000          | 0   | 0   | 1    |
| conv3_dc                                         | 1           | 0                     | 2                     | 6                    | 0.000          | 0   | 0   | 1    |
| dw2_fs                                           | 1           | 0                     | 4                     | 2                    | 0.000          | 0   | 0   | 1    |
| dw2_d0                                           | 1           | 0                     | 3                     | 1                    | 0.000          | 0   | 0   | 1    |
| dw2_d1                                           | 1           | 0                     | 3                     | 1                    | 0.000          | 0   | 0   | 1    |
| dw2_d2                                           | 1           | 0                     | 3                     | 1                    | 0.000          | 0   | 0   | 1    |
| dw2_d3                                           | 1           | 0                     | 3                     | 1                    | 0.000          | 0   | 0   | 1    |
| dw2_dc                                           | 1           | 0                     | 1                     | 12                   | 0.000          | 0   | 0   | 1    |
| conv4                                            | 1           | 0                     | 2                     | 1                    | 0.000          | 0   | 0   | 1    |
| conv5                                            | 2           | 0                     | 2                     | 1                    | 0.000          | 0   | 0   | 1    |
| dw3_fs                                           | 1           | 0                     | 4                     | 2                    | 0.000          | 0   | 0   | 1    |
| dw3_d0                                           | 2           | 0                     | 3                     | 1                    | 0.000          | 0   | 0   | 1    |
| dw3_d1                                           | 2           | 0                     | 3                     | 1                    | 0.000          | 0   | 0   | 1    |
| dw3_d2                                           | 2           | 0                     | 3                     | 1                    | 0.000          | 0   | 0   | 1    |
| dw3_d3                                           | 2           | 0                     | 3                     | 1                    | 0.000          | 0   | 0   | 1    |
| dw3_dc                                           | 1           | 0                     | 1                     | 12                   | 0.000          | 0   | 0   | 1    |
| conv6                                            | 3           | 0                     | 1                     | 2                    | 0.000          | 0   | 0   | 1    |
| conv7                                            | 2           | 0                     | 2                     | 1                    | 0.000          | 0   | 0   | 1    |
| dw4_lanes_feature_splitter                       | 1           | 0                     | 2                     | 2                    | 0.000          | 0   | 0   | 1    |
| dw4_lanes_2                                      | 2           | 0                     | 2                     | 2                    | 0.000          | 0   | 0   | 2    |
| dw4_lanes_concat                                 | 1           | 0                     | 1                     | 2                    | 0.000          | 0   | 0   | 1    |
| conv8                                            | 1           | 0                     | 2                     | 1                    | 0.000          | 0   | 0   | 1    |
| conv9                                            | 1           | 0                     | 2                     | 1                    | 0.000          | 0   | 0   | 1    |
| dw5_sd0                                          | 2           | 1                     | 1                     | 1                    | 0.000          | 0   | 0   | 1    |
| dw5_sd1                                          | 2           | 1                     | 1                     | 1                    | 0.000          | 0   | 0   | 1    |
| dw5_sdc                                          | 1           | 0                     | 1                     | 2                    | 0.000          | 0   | 0   | 1    |
| conv10                                           | 1           | 0                     | 2                     | 2                    | 0.000          | 0   | 0   | 1    |
| conv11                                           | 1           | 0                     | 2                     | 1                    | 0.000          | 0   | 0   | 1    |
| dw6_sd0                                          | 2           | 1                     | 1                     | 1                    | 0.000          | 0   | 0   | 1    |
| dw6_sd1                                          | 2           | 1                     | 1                     | 1                    | 0.000          | 0   | 0   | 1    |
| dw6_sdc                                          | 1           | 0                     | 1                     | 2                    | 0.000          | 0   | 0   | 1    |
| conv12                                           | 1           | 0                     | 1                     | 2                    | 0.000          | 0   | 0   | 1    |
| conv13                                           | 1           | 0                     | 2                     | 1                    | 0.000          | 0   | 0   | 1    |
| dw7                                              | 1           | 0                     | 1                     | 2                    | 0.000          | 0   | 0   | 1    |
| conv14                                           | 1           | 0                     | 2                     | 1                    | 0.000          | 0   | 0   | 1    |
| conv15                                           | 2           | 0                     | 1                     | 1                    | 0.000          | 0   | 0   | 1    |
| dw8                                              | 5           | 0                     | 2                     | 1                    | 0.000          | 0   | 0   | 1    |
| conv16                                           | 2           | 0                     | 2                     | 3                    | 0.000          | 0   | 0   | 1    |
| conv17                                           | 2           | 0                     | 1                     | 1                    | 0.000          | 0   | 0   | 1    |
| dw9                                              | 5           | 0                     | 2                     | 1                    | 0.000          | 0   | 0   | 1    |
| conv18                                           | 2           | 0                     | 2                     | 3                    | 0.000          | 0   | 0   | 1    |
| conv19                                           | 2           | 0                     | 1                     | 1                    | 0.000          | 0   | 0   | 1    |
| dw10                                             | 5           | 0                     | 3                     | 1                    | 0.000          | 0   | 0   | 1    |
| conv20                                           | 2           | 0                     | 1                     | 4                    | 0.000          | 0   | 0   | 1    |
| conv21                                           | 2           | 0                     | 1                     | 1                    | 0.000          | 0   | 0   | 1    |
| dw11                                             | 5           | 0                     | 2                     | 1                    | 0.000          | 0   | 0   | 1    |
| conv22                                           | 3           | 0                     | 2                     | 2                    | 0.000          | 0   | 0   | 1    |
| conv23                                           | 4           | 0                     | 2                     | 1                    | 0.000          | 0   | 0   | 1    |
| dw12_sd0                                         | 4           | 0                     | 1                     | 1                    | 0.000          | 0   | 0   | 1    |
| dw12_sd1                                         | 4           | 0                     | 1                     | 1                    | 0.000          | 0   | 0   | 1    |
| dw12_sdc                                         | 1           | 0                     | 1                     | 2                    | 0.000          | 0   | 0   | 1    |
| conv24                                           | 4           | 0                     | 2                     | 2                    | 0.000          | 0   | 0   | 1    |
| conv25                                           | 4           | 0                     | 2                     | 1                    | 0.000          | 0   | 0   | 1    |
| dw13_sd0                                         | 4           | 0                     | 1                     | 1                    | 0.000          | 0   | 0   | 1    |
| dw13_sd1                                         | 4           | 0                     | 1                     | 1                    | 0.000          | 0   | 0   | 1    |
| dw13_sdc                                         | 1           | 0                     | 1                     | 2                    | 0.000          | 0   | 0   | 1    |
| conv26                                           | 4           | 0                     | 1                     | 2                    | 0.000          | 0   | 0   | 1    |
| conv27                                           | 4           | 0                     | 2                     | 1                    | 0.000          | 0   | 0   | 1    |
| dw14                                             | 1           | 0                     | 1                     | 2                    | 0.000          | 0   | 0   | 1    |
| conv28                                           | 7           | 0                     | 2                     | 1                    | 0.000          | 0   | 0   | 1    |
| conv29                                           | 4           | 4                     | 1                     | 1                    | 0.000          | 0   | 0   | 1    |
| dw15                                             | 4           | 0                     | 1                     | 1                    | 0.000          | 0   | 0   | 1    |
| conv30                                           | 2           | 4                     | 2                     | 2                    | 0.000          | 0   | 0   | 1    |
| conv31                                           | 4           | 4                     | 1                     | 1                    | 0.000          | 0   | 0   | 1    |
| dw16                                             | 4           | 0                     | 1                     | 1                    | 0.000          | 0   | 0   | 1    |
| conv32                                           | 2           | 4                     | 1                     | 2                    | 0.000          | 0   | 0   | 1    |
| conv33                                           | 4           | 4                     | 1                     | 1                    | 0.000          | 0   | 0   | 1    |
| dw17                                             | 4           | 0                     | 1                     | 1                    | 0.000          | 0   | 0   | 1    |
| conv34                                           | 7           | 7                     | 1                     | 1                    | 0.000          | 0   | 0   | 1    |
| conv35                                           | 3           | 12                    | 1                     | 1                    | 0.000          | 0   | 0   | 1    |
| avgpool1                                         | 2           | 0                     | 1                     | 1                    | 0.000          | 0   | 0   | 1    |
| fc1                                              | 1           | 0                     | 1                     | 1                    | 0.000          | 0   | 0   | 1    |
| softmax1                                         | 0           | 0                     | 0                     | 0                    | 1.000          | 0   | 0   | 0    |
| output_layer1                                    | 0           | 0                     | 0                     | 0                    | 0.500          | 0   | 0   | 0    |
+--------------------------------------------------+-------------+-----------------------+-----------------------+----------------------+----------------+-----+-----+------+
TOTAL:  LCUs: 82 (64.0625%), Subclusters: 192 (37.5%), Weight memory cuts: 43 (4.19922%), L3 Output memory cuts: 151 (14.7461%), L3 Input memory cuts: 150 (14.6484%), L3 total cuts: 194 (18.9453%), L4 memory cuts: 2 (7.14286%), IBs: 0 (0%), OBs: 0 (0%), APUs: 83 (51.875%)
[2026-10-08 12:04:24.584] [default] [info] Pre-allocation buffers for mars_model_float32_context_0 buffers:
+--------------------------------------------------+--------------------------------------------------+-------------------------------+
| Src                                              | Dst                                              | Buffers                       |
+--------------------------------------------------+--------------------------------------------------+-------------------------------+
| input_layer1                                     | auto_reshape_from_input_layer1_to_normalization1 | 1 (L3 memory cuts: 1)         |
| auto_reshape_from_input_layer1_to_normalization1 | normalization1                                   | 2 (L4 memory cuts: 1)         |
| normalization1                                   | conv1                                            | 3 (L3 memory cuts: 1)         |
| conv1                                            | dw1_sd0                                          | 2[RPC] (L3 memory cuts: 2)    |
| conv1                                            | dw1_sd1                                          | 2[RPC] (L3 memory cuts: 2)    |
| conv1                                            | dw1_sd2                                          | 2[RPC] (L3 memory cuts: 2)    |
| conv1                                            | dw1_sd3                                          | 2[RPC] (L3 memory cuts: 2)    |
| dw1_sd0                                          | dw1_sdc                                          | 2 (L3 memory cuts: 1)         |
| dw1_sd1                                          | dw1_sdc                                          | 2 (L3 memory cuts: 1)         |
| dw1_sd2                                          | dw1_sdc                                          | 2 (L3 memory cuts: 1)         |
| dw1_sd3                                          | dw1_sdc                                          | 2 (L3 memory cuts: 1)         |
| dw1_sdc                                          | conv2                                            | 3 (L3 memory cuts: 1)         |
| conv2                                            | conv3_d0                                         | 4[S][RPC] (L3 memory cuts: 4) |
| conv2                                            | conv3_d1                                         | 4[S][RPC] (L3 memory cuts: 4) |
| conv2                                            | conv3_d2                                         | 4[S][RPC] (L3 memory cuts: 4) |
| conv3_d0                                         | conv3_dc                                         | 2[RPC] (L3 memory cuts: 2)    |
| conv3_d1                                         | conv3_dc                                         | 2[RPC] (L3 memory cuts: 2)    |
| conv3_d2                                         | conv3_dc                                         | 2[RPC] (L3 memory cuts: 2)    |
| conv3_dc                                         | dw2_fs                                           | 2[RPC] (L3 memory cuts: 2)    |
| dw2_fs                                           | dw2_d0                                           | 7 (L3 memory cuts: 1)         |
| dw2_fs                                           | dw2_d1                                           | 7 (L3 memory cuts: 1)         |
| dw2_fs                                           | dw2_d2                                           | 7 (L3 memory cuts: 1)         |
| dw2_fs                                           | dw2_d3                                           | 7 (L3 memory cuts: 1)         |
| dw2_d0                                           | dw2_dc                                           | 3[RPC] (L3 memory cuts: 3)    |
| dw2_d1                                           | dw2_dc                                           | 3[RPC] (L3 memory cuts: 3)    |
| dw2_d2                                           | dw2_dc                                           | 3[RPC] (L3 memory cuts: 3)    |
| dw2_d3                                           | dw2_dc                                           | 3[RPC] (L3 memory cuts: 3)    |
| dw2_dc                                           | conv4                                            | 4[S] (L3 memory cuts: 1)      |
| conv4                                            | conv5                                            | 27[S] (L3 memory cuts: 1)     |
| conv4                                            | conv6                                            | 27[S] (L3 memory cuts: 1)     |
| conv5                                            | dw3_fs                                           | 2[RPC] (L3 memory cuts: 2)    |
| dw3_fs                                           | dw3_d0                                           | 2 (L3 memory cuts: 1)         |
| dw3_fs                                           | dw3_d1                                           | 2 (L3 memory cuts: 1)         |
| dw3_fs                                           | dw3_d2                                           | 2 (L3 memory cuts: 1)         |
| dw3_fs                                           | dw3_d3                                           | 2 (L3 memory cuts: 1)         |
| dw3_d0                                           | dw3_dc                                           | 3[RPC] (L3 memory cuts: 3)    |
| dw3_d1                                           | dw3_dc                                           | 3[RPC] (L3 memory cuts: 3)    |
| dw3_d2                                           | dw3_dc                                           | 3[RPC] (L3 memory cuts: 3)    |
| dw3_d3                                           | dw3_dc                                           | 3[RPC] (L3 memory cuts: 3)    |
| dw3_dc                                           | conv6                                            | 3[S] (L3 memory cuts: 1)      |
| conv6                                            | conv7                                            | 3[S] (L3 memory cuts: 1)      |
| conv7                                            | dw4_lanes_feature_splitter                       | 2[RPC] (L3 memory cuts: 2)    |
| dw4_lanes_feature_splitter                       | dw4_lanes_2                                      | 6 (L3 memory cuts: 2)         |
| dw4_lanes_2                                      | dw4_lanes_concat                                 | 3 (L3 memory cuts: 2)         |
| dw4_lanes_concat                                 | conv8                                            | 2[S] (L3 memory cuts: 1)      |
| conv8                                            | conv9                                            | 5 (L3 memory cuts: 1)         |
| conv8                                            | conv10                                           | 5 (L3 memory cuts: 1)         |
| conv9                                            | dw5_sd0                                          | 2 (L3 memory cuts: 1)         |
| conv9                                            | dw5_sd1                                          | 2 (L3 memory cuts: 1)         |
| dw5_sd0                                          | dw5_sdc                                          | 2 (L3 memory cuts: 1)         |
| dw5_sd1                                          | dw5_sdc                                          | 2 (L3 memory cuts: 1)         |
| dw5_sdc                                          | conv10                                           | 2 (L3 memory cuts: 1)         |
| conv10                                           | conv11                                           | 5 (L3 memory cuts: 1)         |
| conv10                                           | conv12                                           | 5 (L3 memory cuts: 1)         |
| conv11                                           | dw6_sd0                                          | 2 (L3 memory cuts: 1)         |
| conv11                                           | dw6_sd1                                          | 2 (L3 memory cuts: 1)         |
| dw6_sd0                                          | dw6_sdc                                          | 2 (L3 memory cuts: 1)         |
| dw6_sd1                                          | dw6_sdc                                          | 2 (L3 memory cuts: 1)         |
| dw6_sdc                                          | conv12                                           | 3 (L3 memory cuts: 1)         |
| conv12                                           | conv13                                           | 2[S] (L3 memory cuts: 1)      |
| conv13                                           | dw7                                              | 6 (L3 memory cuts: 2)         |
| dw7                                              | conv14                                           | 2 (L3 memory cuts: 1)         |
| conv14                                           | conv15                                           | 3 (L3 memory cuts: 1)         |
| conv14                                           | conv16                                           | 3 (L3 memory cuts: 1)         |
| conv15                                           | dw8                                              | 2 (L3 memory cuts: 1)         |
| dw8                                              | conv16                                           | 2[RPC] (L3 memory cuts: 2)    |
| conv16                                           | conv17                                           | 4 (L3 memory cuts: 1)         |
| conv16                                           | conv18                                           | 4 (L3 memory cuts: 1)         |
| conv17                                           | dw9                                              | 2 (L3 memory cuts: 1)         |
| dw9                                              | conv18                                           | 2[RPC] (L3 memory cuts: 2)    |
| conv18                                           | conv19                                           | 5 (L3 memory cuts: 1)         |
| conv18                                           | conv20                                           | 5 (L3 memory cuts: 1)         |
| conv19                                           | dw10                                             | 2 (L3 memory cuts: 1)         |
| dw10                                             | conv20                                           | 3[RPC] (L3 memory cuts: 3)    |
| conv20                                           | conv21                                           | 2[S] (L3 memory cuts: 1)      |
| conv21                                           | dw11                                             | 2 (L3 memory cuts: 1)         |
| dw11                                             | conv22                                           | 2[RPC] (L3 memory cuts: 2)    |
| conv22                                           | conv23                                           | 4 (L3 memory cuts: 1)         |
| conv22                                           | conv24                                           | 4 (L3 memory cuts: 1)         |
| conv23                                           | dw12_sd0                                         | 2 (L3 memory cuts: 1)         |
| conv23                                           | dw12_sd1                                         | 2 (L3 memory cuts: 1)         |
| dw12_sd0                                         | dw12_sdc                                         | 2 (L3 memory cuts: 1)         |
| dw12_sd1                                         | dw12_sdc                                         | 2 (L3 memory cuts: 1)         |
| dw12_sdc                                         | conv24                                           | 2 (L3 memory cuts: 1)         |
| conv24                                           | conv25                                           | 5 (L3 memory cuts: 1)         |
| conv24                                           | conv26                                           | 5 (L3 memory cuts: 1)         |
| conv25                                           | dw13_sd0                                         | 2 (L3 memory cuts: 1)         |
| conv25                                           | dw13_sd1                                         | 2 (L3 memory cuts: 1)         |
| dw13_sd0                                         | dw13_sdc                                         | 2 (L3 memory cuts: 1)         |
| dw13_sd1                                         | dw13_sdc                                         | 2 (L3 memory cuts: 1)         |
| dw13_sdc                                         | conv26                                           | 3 (L3 memory cuts: 1)         |
| conv26                                           | conv27                                           | 2[S] (L3 memory cuts: 1)      |
| conv27                                           | dw14                                             | 5 (L3 memory cuts: 2)         |
| dw14                                             | conv28                                           | 2 (L3 memory cuts: 1)         |
| conv28                                           | conv29                                           | 3 (L3 memory cuts: 1)         |
| conv28                                           | conv30                                           | 3 (L3 memory cuts: 1)         |
| conv29                                           | dw15                                             | 2 (L3 memory cuts: 1)         |
| dw15                                             | conv30                                           | 2 (L3 memory cuts: 1)         |
| conv30                                           | conv31                                           | 4 (L3 memory cuts: 1)         |
| conv30                                           | conv32                                           | 4 (L3 memory cuts: 1)         |
| conv31                                           | dw16                                             | 2 (L3 memory cuts: 1)         |
| dw16                                             | conv32                                           | 3 (L3 memory cuts: 1)         |
| conv32                                           | conv33                                           | 2[S] (L3 memory cuts: 1)      |
| conv33                                           | dw17                                             | 1 (L3 memory cuts: 1)         |
| dw17                                             | conv34                                           | 2 (L3 memory cuts: 1)         |
| conv34                                           | conv35                                           | 2[S] (L3 memory cuts: 1)      |
| conv35                                           | avgpool1                                         | 2 (L3 memory cuts: 1)         |
| avgpool1                                         | fc1                                              | 1 (L3 memory cuts: 1)         |
| fc1                                              | softmax1                                         | 2 (L3 memory cuts: 1)         |
| softmax1                                         | output_layer1                                    | 1 (L4 memory cuts: 1)         |
+--------------------------------------------------+--------------------------------------------------+-------------------------------+
[2026-10-08 12:04:24.584] [default] [info] mars_model_float32_context_0 - Bottleneck FPS: 2434.97 (layer: dw2_d0)
[2026-10-08 12:04:24.584] [default] [info] mars_model_float32_context_0 - Bottleneck FPS: 2434.97 (layer: dw2_d0)
[2026-10-08 12:04:24.584] [default] [info] Using Single-context flow
[2026-10-08 12:04:24.584] [default] [info] Resources optimization params: max_control_utilization=75%, max_compute_utilization=75%, max_compute_16bit_utilization=75%, max_memory_utilization (weights)=75%, max_input_aligner_utilization=75%, max_apu_utilization=75%
[2026-10-08 12:04:24.690] [default] [info] Pre-Allocation Layers FPS: 
mars_model_float32_context_0: 
 
			 input_layer1: 10,629
			 auto_reshape_from_input_layer1_to_normalization1: 8,423
			 normalization1: 6,071.74
			 conv1: 2,482.59
			 dw1_sd0: 2,931.11
			 dw1_sd1: 2,928.79
			 dw1_sd2: 2,928.79
			 dw1_sd3: 2,928.79
			 dw1_sdc: 4,877.39
			 conv2: 2,763.86
			 conv3_d0: 2,941.41
			 conv3_d1: 2,941.41
			 conv3_d2: 2,941.41
			 conv3_dc: 2,614.09
			 dw2_fs: 2,610.37
			 dw2_d0: 2,434.97
			 dw2_d1: 2,434.97
			 dw2_d2: 2,434.97
			 dw2_d3: 2,434.97
			 dw2_dc: 9,173.68
			 conv4: 3,099.69
			 conv5: 2,541.6
			 dw3_fs: 6,919.1
			 dw3_d0: 2,523.31
			 dw3_d1: 2,523.31
			 dw3_d2: 2,523.31
			 dw3_d3: 2,523.31
			 dw3_dc: 6,408.31
			 conv6: 3,681.17
			 conv7: 2,541.6
			 dw4_lanes_feature_splitter: 6,959.55
			 dw4_lanes_2: 2,812.76
			 dw4_lanes_concat: 11,758.1
			 conv8: 5,662.75
			 conv9: 3,348.15
			 dw5_sd0: 3,905.98
			 dw5_sd1: 3,112.09
			 dw5_sdc: 9,153.53
			 conv10: 3,756.68
			 conv11: 3,348.15
			 dw6_sd0: 3,905.98
			 dw6_sd1: 3,112.09
			 dw6_sdc: 9,153.53
			 conv12: 3,762.62
			 conv13: 3,348.15
			 dw7: 2,597.69
			 conv14: 8,696.22
			 conv15: 7,034.7
			 dw8: 2,444.85
			 conv16: 8,127.27
			 conv17: 7,034.7
			 dw9: 2,444.85
			 conv18: 7,575.61
			 conv19: 7,034.7
			 dw10: 2,444.85
			 conv20: 7,591.72
			 conv21: 7,038.16
			 dw11: 2,444.85
			 conv22: 8,612.34
			 conv23: 5,980.41
			 dw12_sd0: 3,427.39
			 dw12_sd1: 3,034.6
			 dw12_sdc: 8,206.98
			 conv24: 6,389.67
			 conv25: 5,980.41
			 dw13_sd0: 3,427.39
			 dw13_sd1: 3,034.6
			 dw13_sdc: 8,206.98
			 conv26: 7,003.66
			 conv27: 5,982.92
			 dw14: 2,964.28
			 conv28: 29,638.4
			 conv29: 9,672.12
			 dw15: 3,621.71
			 conv30: 5,458.81
			 conv31: 9,672.12
			 dw16: 3,621.71
			 conv32: 5,548.39
			 conv33: 9,677.03
			 dw17: 3,621.71
			 conv34: 9,320.32
			 conv35: 3,036.44
			 avgpool1: 5,139.47
 
			 fc1: 301,659
 
			 softmax1: 2.08333e+06
			 output_layer1: 8e+07
[2026-10-08 12:04:24.700] [default] [info] Partition passed at control_util 0.75.
[2026-10-08 12:04:24.744] [default] [info] [1;36mValidating layers feasibility[0m
[2026-10-08 12:04:25.385] [default] [info] [1;32mLayers feasibility validated successfully[0m
[2026-10-08 12:04:25.385] [default] [info] Running resources allocation (mapping) flow, time per context: 59m 59s
[2026-10-08 12:04:25.585] [default] [info] Resolve-prepost Buffers mars_model_float32_context_0 buffers:
+--------------------------------------------------+--------------------------------------------------+-------------------------------+
| Src                                              | Dst                                              | Buffers                       |
+--------------------------------------------------+--------------------------------------------------+-------------------------------+
| input_layer1                                     | input_to_prepost_145_i0                          | 1 (L3 memory cuts: 1)         |
| input_to_prepost_145_i0                          | auto_reshape_from_input_layer1_to_normalization1 | 1 (L4 memory cuts: 1)         |
| auto_reshape_from_input_layer1_to_normalization1 | output_from_prepost_149_i0                       | 2 (L4 memory cuts: 1)         |
| output_from_prepost_149_i0                       | input_to_cluster_unknown_150_i0                  | 2 (L4 memory cuts: 1)         |
| input_to_cluster_unknown_150_i0                  | normalization1                                   | 2 (L3 memory cuts: 1)         |
| normalization1                                   | conv1                                            | 3 (L3 memory cuts: 1)         |
| conv1                                            | dw1_sd0                                          | 2[RPC] (L3 memory cuts: 2)    |
| conv1                                            | dw1_sd1                                          | 2[RPC] (L3 memory cuts: 2)    |
| conv1                                            | dw1_sd2                                          | 2[RPC] (L3 memory cuts: 2)    |
| conv1                                            | dw1_sd3                                          | 2[RPC] (L3 memory cuts: 2)    |
| dw1_sd0                                          | dw1_sdc                                          | 2 (L3 memory cuts: 1)         |
| dw1_sd1                                          | dw1_sdc                                          | 2 (L3 memory cuts: 1)         |
| dw1_sd2                                          | dw1_sdc                                          | 2 (L3 memory cuts: 1)         |
| dw1_sd3                                          | dw1_sdc                                          | 2 (L3 memory cuts: 1)         |
| dw1_sdc                                          | conv2                                            | 3 (L3 memory cuts: 1)         |
| conv2                                            | conv3_d0                                         | 4[S][RPC] (L3 memory cuts: 4) |
| conv2                                            | conv3_d1                                         | 4[S][RPC] (L3 memory cuts: 4) |
| conv2                                            | conv3_d2                                         | 4[S][RPC] (L3 memory cuts: 4) |
| conv3_d0                                         | conv3_dc                                         | 2[RPC] (L3 memory cuts: 2)    |
| conv3_d1                                         | conv3_dc                                         | 2[RPC] (L3 memory cuts: 2)    |
| conv3_d2                                         | conv3_dc                                         | 2[RPC] (L3 memory cuts: 2)    |
| conv3_dc                                         | dw2_fs                                           | 2[RPC] (L3 memory cuts: 2)    |
| dw2_fs                                           | dw2_d0                                           | 7 (L3 memory cuts: 1)         |
| dw2_fs                                           | dw2_d1                                           | 7 (L3 memory cuts: 1)         |
| dw2_fs                                           | dw2_d2                                           | 7 (L3 memory cuts: 1)         |
| dw2_fs                                           | dw2_d3                                           | 7 (L3 memory cuts: 1)         |
| dw2_d0                                           | dw2_dc                                           | 3[RPC] (L3 memory cuts: 3)    |
| dw2_d1                                           | dw2_dc                                           | 3[RPC] (L3 memory cuts: 3)    |
| dw2_d2                                           | dw2_dc                                           | 3[RPC] (L3 memory cuts: 3)    |
| dw2_d3                                           | dw2_dc                                           | 3[RPC] (L3 memory cuts: 3)    |
| dw2_dc                                           | conv4                                            | 4[S] (L3 memory cuts: 1)      |
| conv4                                            | conv5                                            | 27[S] (L3 memory cuts: 1)     |
| conv4                                            | conv6                                            | 27[S] (L3 memory cuts: 1)     |
| conv5                                            | dw3_fs                                           | 2[RPC] (L3 memory cuts: 2)    |
| dw3_fs                                           | dw3_d0                                           | 2 (L3 memory cuts: 1)         |
| dw3_fs                                           | dw3_d1                                           | 2 (L3 memory cuts: 1)         |
| dw3_fs                                           | dw3_d2                                           | 2 (L3 memory cuts: 1)         |
| dw3_fs                                           | dw3_d3                                           | 2 (L3 memory cuts: 1)         |
| dw3_d0                                           | dw3_dc                                           | 3[RPC] (L3 memory cuts: 3)    |
| dw3_d1                                           | dw3_dc                                           | 3[RPC] (L3 memory cuts: 3)    |
| dw3_d2                                           | dw3_dc                                           | 3[RPC] (L3 memory cuts: 3)    |
| dw3_d3                                           | dw3_dc                                           | 3[RPC] (L3 memory cuts: 3)    |
| dw3_dc                                           | conv6                                            | 3[S] (L3 memory cuts: 1)      |
| conv6                                            | conv7                                            | 3[S] (L3 memory cuts: 1)      |
| conv7                                            | dw4_lanes_feature_splitter                       | 2[RPC] (L3 memory cuts: 2)    |
| dw4_lanes_feature_splitter                       | dw4_lanes_2                                      | 6 (L3 memory cuts: 2)         |
| dw4_lanes_2                                      | dw4_lanes_concat                                 | 3 (L3 memory cuts: 2)         |
| dw4_lanes_concat                                 | conv8                                            | 2[S] (L3 memory cuts: 1)      |
| conv8                                            | conv9                                            | 5 (L3 memory cuts: 1)         |
| conv8                                            | conv10                                           | 5 (L3 memory cuts: 1)         |
| conv9                                            | dw5_sd0                                          | 2 (L3 memory cuts: 1)         |
| conv9                                            | dw5_sd1                                          | 2 (L3 memory cuts: 1)         |
| dw5_sd0                                          | dw5_sdc                                          | 2 (L3 memory cuts: 1)         |
| dw5_sd1                                          | dw5_sdc                                          | 2 (L3 memory cuts: 1)         |
| dw5_sdc                                          | conv10                                           | 2 (L3 memory cuts: 1)         |
| conv10                                           | conv11                                           | 5 (L3 memory cuts: 1)         |
| conv10                                           | conv12                                           | 5 (L3 memory cuts: 1)         |
| conv11                                           | dw6_sd0                                          | 2 (L3 memory cuts: 1)         |
| conv11                                           | dw6_sd1                                          | 2 (L3 memory cuts: 1)         |
| dw6_sd0                                          | dw6_sdc                                          | 2 (L3 memory cuts: 1)         |
| dw6_sd1                                          | dw6_sdc                                          | 2 (L3 memory cuts: 1)         |
| dw6_sdc                                          | conv12                                           | 3 (L3 memory cuts: 1)         |
| conv12                                           | conv13                                           | 2[S] (L3 memory cuts: 1)      |
| conv13                                           | dw7                                              | 6 (L3 memory cuts: 2)         |
| dw7                                              | conv14                                           | 2 (L3 memory cuts: 1)         |
| conv14                                           | conv15                                           | 3 (L3 memory cuts: 1)         |
| conv14                                           | conv16                                           | 3 (L3 memory cuts: 1)         |
| conv15                                           | dw8                                              | 2 (L3 memory cuts: 1)         |
| dw8                                              | conv16                                           | 2[RPC] (L3 memory cuts: 2)    |
| conv16                                           | conv17                                           | 4 (L3 memory cuts: 1)         |
| conv16                                           | conv18                                           | 4 (L3 memory cuts: 1)         |
| conv17                                           | dw9                                              | 2 (L3 memory cuts: 1)         |
| dw9                                              | conv18                                           | 2[RPC] (L3 memory cuts: 2)    |
| conv18                                           | conv19                                           | 5 (L3 memory cuts: 1)         |
| conv18                                           | conv20                                           | 5 (L3 memory cuts: 1)         |
| conv19                                           | dw10                                             | 2 (L3 memory cuts: 1)         |
| dw10                                             | conv20                                           | 3[RPC] (L3 memory cuts: 3)    |
| conv20                                           | conv21                                           | 2[S] (L3 memory cuts: 1)      |
| conv21                                           | dw11                                             | 2 (L3 memory cuts: 1)         |
| dw11                                             | conv22                                           | 2[RPC] (L3 memory cuts: 2)    |
| conv22                                           | conv23                                           | 4 (L3 memory cuts: 1)         |
| conv22                                           | conv24                                           | 4 (L3 memory cuts: 1)         |
| conv23                                           | dw12_sd0                                         | 2 (L3 memory cuts: 1)         |
| conv23                                           | dw12_sd1                                         | 2 (L3 memory cuts: 1)         |
| dw12_sd0                                         | dw12_sdc                                         | 2 (L3 memory cuts: 1)         |
| dw12_sd1                                         | dw12_sdc                                         | 2 (L3 memory cuts: 1)         |
| dw12_sdc                                         | conv24                                           | 2 (L3 memory cuts: 1)         |
| conv24                                           | conv25                                           | 5 (L3 memory cuts: 1)         |
| conv24                                           | conv26                                           | 5 (L3 memory cuts: 1)         |
| conv25                                           | dw13_sd0                                         | 2 (L3 memory cuts: 1)         |
| conv25                                           | dw13_sd1                                         | 2 (L3 memory cuts: 1)         |
| dw13_sd0                                         | dw13_sdc                                         | 2 (L3 memory cuts: 1)         |
| dw13_sd1                                         | dw13_sdc                                         | 2 (L3 memory cuts: 1)         |
| dw13_sdc                                         | conv26                                           | 3 (L3 memory cuts: 1)         |
| conv26                                           | conv27                                           | 2[S] (L3 memory cuts: 1)      |
| conv27                                           | dw14                                             | 5 (L3 memory cuts: 2)         |
| dw14                                             | conv28                                           | 2 (L3 memory cuts: 1)         |
| conv28                                           | conv29                                           | 3 (L3 memory cuts: 1)         |
| conv28                                           | conv30                                           | 3 (L3 memory cuts: 1)         |
| conv29                                           | dw15                                             | 2 (L3 memory cuts: 1)         |
| dw15                                             | conv30                                           | 2 (L3 memory cuts: 1)         |
| conv30                                           | conv31                                           | 4 (L3 memory cuts: 1)         |
| conv30                                           | conv32                                           | 4 (L3 memory cuts: 1)         |
| conv31                                           | dw16                                             | 2 (L3 memory cuts: 1)         |
| dw16                                             | conv32                                           | 3 (L3 memory cuts: 1)         |
| conv32                                           | conv33                                           | 2[S] (L3 memory cuts: 1)      |
| conv33                                           | dw17                                             | 1 (L3 memory cuts: 1)         |
| dw17                                             | conv34                                           | 2 (L3 memory cuts: 1)         |
| conv34                                           | conv35                                           | 2[S] (L3 memory cuts: 1)      |
| conv35                                           | avgpool1                                         | 2 (L3 memory cuts: 1)         |
| avgpool1                                         | fc1                                              | 1 (L3 memory cuts: 1)         |
| fc1                                              | output_from_cluster_unknown_146_i0               | 2 (L3 memory cuts: 1)         |
| output_from_cluster_unknown_146_i0               | input_to_prepost_147_i0                          | 2 (L3 memory cuts: 1)         |
| input_to_prepost_147_i0                          | softmax1                                         | 2 (L4 memory cuts: 1)         |
| softmax1                                         | output_from_prepost_148_i0                       | 1 (L4 memory cuts: 1)         |
| output_from_prepost_148_i0                       | output_layer1                                    | 1 (L4 memory cuts: 1)         |
+--------------------------------------------------+--------------------------------------------------+-------------------------------+
[2026-10-08 12:04:27.774] [default] [info] Post-Split Resources for mars_model_float32_context_0, iteration 1 (CP)
+--------------------------------------------------+-------------+-----------------------+-----------------------+----------------------+----------------+-----+-----+------+
| Node                                             | Subclusters | L3 Weight Memory Cuts | L3 Output Memory Cuts | L3 Input Memory Cuts | L4 Memory Cuts | IBs | OBs | APUs |
+--------------------------------------------------+-------------+-----------------------+-----------------------+----------------------+----------------+-----+-----+------+
| input_layer1                                     | 0           | 0                     | 0                     | 0                    | 0.500          | 0   | 0   | 0    |
| input_to_prepost_145_i1                          | 0           | 0                     | 0                     | 0                    | 1.000          | 0   | 0   | 0    |
| auto_reshape_from_input_layer1_to_normalization1 | 0           | 0                     | 0                     | 0                    | 1.000          | 0   | 0   | 0    |
| output_from_prepost_229_i1                       | 0           | 0                     | 0                     | 0                    | 0.000          | 0   | 0   | 0    |
| input_to_cluster_7_230_i1                        | 0           | 0                     | 1                     | 0                    | 0.000          | 1   | 0   | 0    |
| normalization1                                   | 1           | 0                     | 1                     | 1                    | 0.000          | 0   | 0   | 1    |
| output_from_cluster_7_146_i1                     | 0           | 0                     | 0                     | 0                    | 0.000          | 0   | 1   | 0    |
| input_to_cluster_1_147_i1                        | 0           | 0                     | 1                     | 0                    | 0.000          | 1   | 0   | 0    |
| conv1                                            | 4           | 0                     | 4                     | 1                    | 0.000          | 0   | 0   | 1    |
| dw1_sd2                                          | 2           | 0                     | 1                     | 2                    | 0.000          | 0   | 0   | 1    |
| output_from_cluster_1_154_i1                     | 0           | 0                     | 0                     | 0                    | 0.000          | 0   | 1   | 0    |
| input_to_cluster_4_155_i1                        | 0           | 0                     | 1                     | 0                    | 0.000          | 1   | 0   | 0    |
| output_from_cluster_1_148_i1                     | 0           | 0                     | 0                     | 0                    | 0.000          | 0   | 1   | 0    |
| input_to_cluster_4_149_i1                        | 0           | 0                     | 2                     | 0                    | 0.000          | 1   | 0   | 0    |
| dw1_sd0                                          | 2           | 0                     | 1                     | 2                    | 0.000          | 0   | 0   | 1    |
| input_to_cluster_5_150_i1                        | 0           | 0                     | 2                     | 0                    | 0.000          | 1   | 0   | 0    |
| dw1_sd3                                          | 2           | 0                     | 1                     | 2                    | 0.000          | 0   | 0   | 1    |
| output_from_cluster_5_156_i1                     | 0           | 0                     | 0                     | 0                    | 0.000          | 0   | 1   | 0    |
| input_to_cluster_4_157_i1                        | 0           | 0                     | 1                     | 0                    | 0.000          | 1   | 0   | 0    |
| input_to_cluster_3_151_i1                        | 0           | 0                     | 2                     | 0                    | 0.000          | 1   | 0   | 0    |
| dw1_sd1                                          | 2           | 0                     | 1                     | 2                    | 0.000          | 0   | 0   | 1    |
| output_from_cluster_3_152_i1                     | 0           | 0                     | 0                     | 0                    | 0.000          | 0   | 1   | 0    |
| input_to_cluster_4_153_i1                        | 0           | 0                     | 1                     | 0                    | 0.000          | 1   | 0   | 0    |
| dw1_sdc                                          | 1           | 0                     | 1                     | 4                    | 0.000          | 0   | 0   | 1    |
| conv2                                            | 1           | 0                     | 12                    | 1                    | 0.000          | 0   | 0   | 1    |
| conv3_d0                                         | 2           | 0                     | 2                     | 4                    | 0.000          | 0   | 0   | 1    |
| output_from_cluster_4_160_i1                     | 0           | 0                     | 0                     | 0                    | 0.000          | 0   | 1   | 0    |
| input_to_cluster_7_161_i1                        | 0           | 0                     | 2                     | 0                    | 0.000          | 1   | 0   | 0    |
| conv3_d1                                         | 2           | 0                     | 2                     | 4                    | 0.000          | 0   | 0   | 1    |
| output_from_cluster_4_162_i1                     | 0           | 0                     | 0                     | 0                    | 0.000          | 0   | 1   | 0    |
| input_to_cluster_7_163_i1                        | 0           | 0                     | 2                     | 0                    | 0.000          | 1   | 0   | 0    |
| output_from_cluster_4_158_i1                     | 0           | 0                     | 0                     | 0                    | 0.000          | 0   | 1   | 0    |
| input_to_cluster_6_159_i1                        | 0           | 0                     | 4                     | 0                    | 0.000          | 1   | 0   | 0    |
| conv3_d2                                         | 2           | 0                     | 2                     | 4                    | 0.000          | 0   | 0   | 1    |
| output_from_cluster_6_164_i1                     | 0           | 0                     | 0                     | 0                    | 0.000          | 0   | 1   | 0    |
| input_to_cluster_7_165_i1                        | 0           | 0                     | 2                     | 0                    | 0.000          | 1   | 0   | 0    |
| conv3_dc                                         | 1           | 0                     | 2                     | 6                    | 0.000          | 0   | 0   | 1    |
| output_from_cluster_7_166_i1                     | 0           | 0                     | 0                     | 0                    | 0.000          | 0   | 2   | 0    |
| input_to_cluster_6_167_i1                        | 0           | 0                     | 2                     | 0                    | 0.000          | 2   | 0   | 0    |
| dw2_fs                                           | 1           | 0                     | 4                     | 2                    | 0.000          | 0   | 0   | 1    |
| dw2_d0                                           | 1           | 0                     | 2                     | 1                    | 0.000          | 0   | 0   | 1    |
| output_from_cluster_6_170_i1                     | 0           | 0                     | 0                     | 0                    | 0.000          | 0   | 1   | 0    |
| input_to_cluster_2_171_i1                        | 0           | 0                     | 2                     | 0                    | 0.000          | 1   | 0   | 0    |
| dw2_d1                                           | 1           | 0                     | 2                     | 1                    | 0.000          | 0   | 0   | 1    |
| output_from_cluster_6_172_i1                     | 0           | 0                     | 0                     | 0                    | 0.000          | 0   | 1   | 0    |
| input_to_cluster_2_173_i1                        | 0           | 0                     | 2                     | 0                    | 0.000          | 1   | 0   | 0    |
| dw2_d2                                           | 1           | 0                     | 2                     | 1                    | 0.000          | 0   | 0   | 1    |
| output_from_cluster_6_174_i1                     | 0           | 0                     | 0                     | 0                    | 0.000          | 0   | 1   | 0    |
| input_to_cluster_2_175_i1                        | 0           | 0                     | 2                     | 0                    | 0.000          | 1   | 0   | 0    |
| output_from_cluster_6_168_i1                     | 0           | 0                     | 0                     | 0                    | 0.000          | 0   | 1   | 0    |
| input_to_cluster_2_169_i1                        | 0           | 0                     | 1                     | 0                    | 0.000          | 1   | 0   | 0    |
| dw2_d3                                           | 1           | 0                     | 3                     | 1                    | 0.000          | 0   | 0   | 1    |
| dw2_dc                                           | 1           | 0                     | 1                     | 9                    | 0.000          | 0   | 0   | 1    |
| output_from_cluster_2_176_i1                     | 0           | 0                     | 0                     | 0                    | 0.000          | 0   | 1   | 0    |
| input_to_cluster_7_177_i1                        | 0           | 0                     | 1                     | 0                    | 0.000          | 1   | 0   | 0    |
| conv4                                            | 1           | 0                     | 2                     | 1                    | 0.000          | 0   | 0   | 1    |
| output_from_cluster_7_178_i1                     | 0           | 0                     | 0                     | 0                    | 0.000          | 0   | 1   | 0    |
| input_to_cluster_0_179_i1                        | 0           | 0                     | 1                     | 0                    | 0.000          | 1   | 0   | 0    |
| conv5                                            | 2           | 0                     | 2                     | 1                    | 0.000          | 0   | 0   | 1    |
| dw3_fs                                           | 1           | 0                     | 4                     | 2                    | 0.000          | 0   | 0   | 1    |
| dw3_d0                                           | 2           | 0                     | 2                     | 1                    | 0.000          | 0   | 0   | 1    |
| output_from_cluster_0_184_i1                     | 0           | 0                     | 0                     | 0                    | 0.000          | 0   | 1   | 0    |
| input_to_cluster_6_185_i1                        | 0           | 0                     | 3                     | 0                    | 0.000          | 1   | 0   | 0    |
| dw3_d2                                           | 2           | 0                     | 2                     | 1                    | 0.000          | 0   | 0   | 1    |
| output_from_cluster_0_186_i1                     | 0           | 0                     | 0                     | 0                    | 0.000          | 0   | 1   | 0    |
| input_to_cluster_6_187_i1                        | 0           | 0                     | 3                     | 0                    | 0.000          | 1   | 0   | 0    |
| output_from_cluster_0_180_i1                     | 0           | 0                     | 0                     | 0                    | 0.000          | 0   | 1   | 0    |
| input_to_cluster_6_181_i1                        | 0           | 0                     | 1                     | 0                    | 0.000          | 1   | 0   | 0    |
| dw3_d1                                           | 2           | 0                     | 3                     | 1                    | 0.000          | 0   | 0   | 1    |
| output_from_cluster_0_182_i1                     | 0           | 0                     | 0                     | 0                    | 0.000          | 0   | 1   | 0    |
| input_to_cluster_4_183_i1                        | 0           | 0                     | 1                     | 0                    | 0.000          | 1   | 0   | 0    |
| dw3_d3                                           | 2           | 0                     | 2                     | 1                    | 0.000          | 0   | 0   | 1    |
| output_from_cluster_4_188_i1                     | 0           | 0                     | 0                     | 0                    | 0.000          | 0   | 1   | 0    |
| input_to_cluster_6_189_i1                        | 0           | 0                     | 3                     | 0                    | 0.000          | 1   | 0   | 0    |
| dw3_dc                                           | 1           | 0                     | 1                     | 12                   | 0.000          | 0   | 0   | 1    |
| output_from_cluster_6_190_i1                     | 0           | 0                     | 0                     | 0                    | 0.000          | 0   | 1   | 0    |
| input_to_cluster_7_191_i1                        | 0           | 0                     | 1                     | 0                    | 0.000          | 1   | 0   | 0    |
| conv6                                            | 3           | 0                     | 1                     | 2                    | 0.000          | 0   | 0   | 1    |
| output_from_cluster_7_192_i1                     | 0           | 0                     | 0                     | 0                    | 0.000          | 0   | 1   | 0    |
| input_to_cluster_4_193_i1                        | 0           | 0                     | 1                     | 0                    | 0.000          | 1   | 0   | 0    |
| conv7                                            | 2           | 0                     | 2                     | 1                    | 0.000          | 0   | 0   | 1    |
| dw4_lanes_feature_splitter                       | 1           | 0                     | 2                     | 2                    | 0.000          | 0   | 0   | 1    |
| dw4_lanes_2                                      | 2           | 0                     | 2                     | 2                    | 0.000          | 0   | 0   | 2    |
| dw4_lanes_concat                                 | 1           | 0                     | 1                     | 2                    | 0.000          | 0   | 0   | 1    |
| conv8                                            | 1           | 0                     | 1                     | 1                    | 0.000          | 0   | 0   | 1    |
| output_from_cluster_4_194_i1                     | 0           | 0                     | 0                     | 0                    | 0.000          | 0   | 1   | 0    |
| input_to_cluster_7_195_i1                        | 0           | 0                     | 2                     | 0                    | 0.000          | 1   | 0   | 0    |
| conv9                                            | 1           | 0                     | 2                     | 1                    | 0.000          | 0   | 0   | 1    |
| dw5_sd0                                          | 2           | 1                     | 1                     | 1                    | 0.000          | 0   | 0   | 1    |
| dw5_sd1                                          | 2           | 1                     | 1                     | 1                    | 0.000          | 0   | 0   | 1    |
| dw5_sdc                                          | 1           | 0                     | 1                     | 2                    | 0.000          | 0   | 0   | 1    |
| conv10                                           | 1           | 0                     | 2                     | 2                    | 0.000          | 0   | 0   | 1    |
| output_from_cluster_7_196_i1                     | 0           | 0                     | 0                     | 0                    | 0.000          | 0   | 1   | 0    |
| input_to_cluster_2_197_i1                        | 0           | 0                     | 1                     | 0                    | 0.000          | 1   | 0   | 0    |
| conv11                                           | 1           | 0                     | 1                     | 1                    | 0.000          | 0   | 0   | 1    |
| output_from_cluster_2_198_i1                     | 0           | 0                     | 0                     | 0                    | 0.000          | 0   | 1   | 0    |
| input_to_cluster_4_199_i1                        | 0           | 0                     | 2                     | 0                    | 0.000          | 1   | 0   | 0    |
| dw6_sd0                                          | 2           | 1                     | 1                     | 1                    | 0.000          | 0   | 0   | 1    |
| output_from_cluster_4_200_i1                     | 0           | 0                     | 0                     | 0                    | 0.000          | 0   | 1   | 0    |
| input_to_cluster_0_201_i1                        | 0           | 0                     | 1                     | 0                    | 0.000          | 1   | 0   | 0    |
| dw6_sd1                                          | 2           | 1                     | 1                     | 1                    | 0.000          | 0   | 0   | 1    |
| output_from_cluster_4_202_i1                     | 0           | 0                     | 0                     | 0                    | 0.000          | 0   | 1   | 0    |
| input_to_cluster_0_203_i1                        | 0           | 0                     | 1                     | 0                    | 0.000          | 1   | 0   | 0    |
| dw6_sdc                                          | 1           | 0                     | 1                     | 2                    | 0.000          | 0   | 0   | 1    |
| output_from_cluster_0_204_i1                     | 0           | 0                     | 0                     | 0                    | 0.000          | 0   | 1   | 0    |
| input_to_cluster_7_205_i1                        | 0           | 0                     | 1                     | 0                    | 0.000          | 1   | 0   | 0    |
| conv12                                           | 1           | 0                     | 1                     | 2                    | 0.000          | 0   | 0   | 1    |
| conv13                                           | 1           | 0                     | 2                     | 1                    | 0.000          | 0   | 0   | 1    |
| dw7                                              | 1           | 0                     | 1                     | 2                    | 0.000          | 0   | 0   | 1    |
| output_from_cluster_7_206_i1                     | 0           | 0                     | 0                     | 0                    | 0.000          | 0   | 1   | 0    |
| input_to_cluster_4_207_i1                        | 0           | 0                     | 1                     | 0                    | 0.000          | 1   | 0   | 0    |
| conv14                                           | 1           | 0                     | 1                     | 1                    | 0.000          | 0   | 0   | 1    |
| output_from_cluster_4_208_i1                     | 0           | 0                     | 0                     | 0                    | 0.000          | 0   | 1   | 0    |
| input_to_cluster_6_209_i1                        | 0           | 0                     | 2                     | 0                    | 0.000          | 1   | 0   | 0    |
| conv15                                           | 2           | 0                     | 1                     | 1                    | 0.000          | 0   | 0   | 1    |
| dw8                                              | 5           | 0                     | 2                     | 1                    | 0.000          | 0   | 0   | 1    |
| conv16                                           | 2           | 0                     | 2                     | 3                    | 0.000          | 0   | 0   | 1    |
| conv17                                           | 2           | 0                     | 1                     | 1                    | 0.000          | 0   | 0   | 1    |
| dw9                                              | 5           | 0                     | 2                     | 1                    | 0.000          | 0   | 0   | 1    |
| conv18                                           | 2           | 0                     | 2                     | 3                    | 0.000          | 0   | 0   | 1    |
| conv19                                           | 2           | 0                     | 1                     | 1                    | 0.000          | 0   | 0   | 1    |
| dw10                                             | 5           | 0                     | 3                     | 1                    | 0.000          | 0   | 0   | 1    |
| conv20                                           | 2           | 0                     | 1                     | 4                    | 0.000          | 0   | 0   | 1    |
| output_from_cluster_6_210_i1                     | 0           | 0                     | 0                     | 0                    | 0.000          | 0   | 1   | 0    |
| input_to_cluster_0_211_i1                        | 0           | 0                     | 1                     | 0                    | 0.000          | 1   | 0   | 0    |
| conv21                                           | 2           | 0                     | 1                     | 1                    | 0.000          | 0   | 0   | 1    |
| dw11                                             | 5           | 0                     | 2                     | 1                    | 0.000          | 0   | 0   | 1    |
| conv22                                           | 3           | 0                     | 2                     | 2                    | 0.000          | 0   | 0   | 1    |
| conv23                                           | 4           | 0                     | 2                     | 1                    | 0.000          | 0   | 0   | 1    |
| dw12_sd0                                         | 4           | 0                     | 1                     | 1                    | 0.000          | 0   | 0   | 1    |
| dw12_sd1                                         | 4           | 0                     | 1                     | 1                    | 0.000          | 0   | 0   | 1    |
| dw12_sdc                                         | 1           | 0                     | 1                     | 2                    | 0.000          | 0   | 0   | 1    |
| conv24                                           | 4           | 0                     | 2                     | 2                    | 0.000          | 0   | 0   | 1    |
| conv25                                           | 4           | 0                     | 1                     | 1                    | 0.000          | 0   | 0   | 1    |
| output_from_cluster_0_212_i1                     | 0           | 0                     | 0                     | 0                    | 0.000          | 0   | 1   | 0    |
| input_to_cluster_5_213_i1                        | 0           | 0                     | 2                     | 0                    | 0.000          | 1   | 0   | 0    |
| dw13_sd0                                         | 4           | 0                     | 1                     | 1                    | 0.000          | 0   | 0   | 1    |
| dw13_sd1                                         | 4           | 0                     | 1                     | 1                    | 0.000          | 0   | 0   | 1    |
| dw13_sdc                                         | 1           | 0                     | 1                     | 2                    | 0.000          | 0   | 0   | 1    |
| output_from_cluster_5_214_i1                     | 0           | 0                     | 0                     | 0                    | 0.000          | 0   | 1   | 0    |
| input_to_cluster_0_215_i1                        | 0           | 0                     | 1                     | 0                    | 0.000          | 1   | 0   | 0    |
| conv26                                           | 4           | 0                     | 1                     | 2                    | 0.000          | 0   | 0   | 1    |
| output_from_cluster_0_216_i1                     | 0           | 0                     | 0                     | 0                    | 0.000          | 0   | 1   | 0    |
| input_to_cluster_5_217_i1                        | 0           | 0                     | 1                     | 0                    | 0.000          | 1   | 0   | 0    |
| conv27                                           | 4           | 0                     | 2                     | 1                    | 0.000          | 0   | 0   | 1    |
| dw14                                             | 1           | 0                     | 1                     | 2                    | 0.000          | 0   | 0   | 1    |
| conv28                                           | 7           | 0                     | 2                     | 1                    | 0.000          | 0   | 0   | 1    |
| conv29                                           | 4           | 4                     | 1                     | 1                    | 0.000          | 0   | 0   | 1    |
| dw15                                             | 4           | 0                     | 1                     | 1                    | 0.000          | 0   | 0   | 1    |
| conv30                                           | 2           | 4                     | 2                     | 2                    | 0.000          | 0   | 0   | 1    |
| conv31                                           | 4           | 4                     | 1                     | 1                    | 0.000          | 0   | 0   | 1    |
| output_from_cluster_5_220_i1                     | 0           | 0                     | 0                     | 0                    | 0.000          | 0   | 1   | 0    |
| input_to_cluster_2_221_i1                        | 0           | 0                     | 1                     | 0                    | 0.000          | 1   | 0   | 0    |
| dw16                                             | 4           | 0                     | 1                     | 1                    | 0.000          | 0   | 0   | 1    |
| output_from_cluster_5_218_i1                     | 0           | 0                     | 0                     | 0                    | 0.000          | 0   | 1   | 0    |
| input_to_cluster_2_219_i1                        | 0           | 0                     | 1                     | 0                    | 0.000          | 1   | 0   | 0    |
| conv32                                           | 2           | 4                     | 1                     | 2                    | 0.000          | 0   | 0   | 1    |
| conv33                                           | 4           | 4                     | 1                     | 1                    | 0.000          | 0   | 0   | 1    |
| output_from_cluster_2_222_i1                     | 0           | 0                     | 0                     | 0                    | 0.000          | 0   | 1   | 0    |
| input_to_cluster_0_223_i1                        | 0           | 0                     | 1                     | 0                    | 0.000          | 1   | 0   | 0    |
| dw17                                             | 4           | 0                     | 1                     | 1                    | 0.000          | 0   | 0   | 1    |
| output_from_cluster_0_224_i1                     | 0           | 0                     | 0                     | 0                    | 0.000          | 0   | 1   | 0    |
| input_to_cluster_2_225_i1                        | 0           | 0                     | 1                     | 0                    | 0.000          | 1   | 0   | 0    |
| conv34                                           | 7           | 7                     | 1                     | 1                    | 0.000          | 0   | 0   | 1    |
| conv35                                           | 3           | 12                    | 1                     | 1                    | 0.000          | 0   | 0   | 1    |
| avgpool1                                         | 2           | 0                     | 1                     | 1                    | 0.000          | 0   | 0   | 1    |
| fc1                                              | 1           | 0                     | 1                     | 1                    | 0.000          | 0   | 0   | 1    |
| output_from_cluster_2_226_i1                     | 0           | 0                     | 0                     | 0                    | 0.000          | 0   | 1   | 0    |
| input_to_prepost_227_i1                          | 0           | 0                     | 0                     | 0                    | 1.000          | 0   | 0   | 0    |
| softmax1                                         | 0           | 0                     | 0                     | 0                    | 1.000          | 0   | 0   | 0    |
| output_from_prepost_228_i1                       | 0           | 0                     | 0                     | 0                    | 0.000          | 0   | 0   | 0    |
| output_layer1                                    | 0           | 0                     | 0                     | 0                    | 0.500          | 0   | 0   | 0    |
+--------------------------------------------------+-------------+-----------------------+-----------------------+----------------------+----------------+-----+-----+------+
TOTAL:  LCUs: 82 (64.0625%), Subclusters: 192 (37.5%), Weight memory cuts: 43 (4.19922%), L3 Output memory cuts: 202 (19.7266%), L3 Input memory cuts: 148 (14.4531%), L3 total cuts: 245 (23.9258%), L4 memory cuts: 4 (14.2857%), IBs: 43 (67.1875%), OBs: 41 (64.0625%), APUs: 83 (51.875%)
[2026-10-08 12:04:27.789] [default] [info] Post-Split Buffers for mars_model_float32_context_0, iteration 1 (CP) buffers:
+--------------------------------------------------+--------------------------------------------------+-------------------------------+
| Src                                              | Dst                                              | Buffers                       |
+--------------------------------------------------+--------------------------------------------------+-------------------------------+
| input_layer1                                     | input_to_prepost_145_i1                          | 1 (L3 memory cuts: 1)         |
| input_to_prepost_145_i1                          | auto_reshape_from_input_layer1_to_normalization1 | 1 (L4 memory cuts: 1)         |
| auto_reshape_from_input_layer1_to_normalization1 | output_from_prepost_229_i1                       | 2 (L4 memory cuts: 1)         |
| output_from_prepost_229_i1                       | input_to_cluster_7_230_i1                        | 2 (L4 memory cuts: 1)         |
| input_to_cluster_7_230_i1                        | normalization1                                   | 2 (L3 memory cuts: 1)         |
| normalization1                                   | output_from_cluster_7_146_i1                     | 1 (L3 memory cuts: 1)         |
| output_from_cluster_7_146_i1                     | input_to_cluster_1_147_i1                        | 2 (L3 memory cuts: 1)         |
| input_to_cluster_1_147_i1                        | conv1                                            | 3 (L3 memory cuts: 1)         |
| conv1                                            | output_from_cluster_1_148_i1                     | 2[RPC] (L3 memory cuts: 2)    |
| conv1                                            | dw1_sd2                                          | 2[RPC] (L3 memory cuts: 2)    |
| dw1_sd2                                          | output_from_cluster_1_154_i1                     | 2 (L3 memory cuts: 1)         |
| output_from_cluster_1_154_i1                     | input_to_cluster_4_155_i1                        | 2 (L3 memory cuts: 1)         |
| input_to_cluster_4_155_i1                        | dw1_sdc                                          | 3 (L3 memory cuts: 1)         |
| output_from_cluster_1_148_i1                     | input_to_cluster_3_151_i1                        | 2[RPC] (L3 memory cuts: 2)    |
| output_from_cluster_1_148_i1                     | input_to_cluster_4_149_i1                        | 2[RPC] (L3 memory cuts: 2)    |
| output_from_cluster_1_148_i1                     | input_to_cluster_5_150_i1                        | 2[RPC] (L3 memory cuts: 2)    |
| input_to_cluster_4_149_i1                        | dw1_sd0                                          | 2[RPC] (L3 memory cuts: 2)    |
| dw1_sd0                                          | dw1_sdc                                          | 2 (L3 memory cuts: 1)         |
| input_to_cluster_5_150_i1                        | dw1_sd3                                          | 2[RPC] (L3 memory cuts: 2)    |
| dw1_sd3                                          | output_from_cluster_5_156_i1                     | 2 (L3 memory cuts: 1)         |
| output_from_cluster_5_156_i1                     | input_to_cluster_4_157_i1                        | 2 (L3 memory cuts: 1)         |
| input_to_cluster_4_157_i1                        | dw1_sdc                                          | 2 (L3 memory cuts: 1)         |
| input_to_cluster_3_151_i1                        | dw1_sd1                                          | 2[RPC] (L3 memory cuts: 2)    |
| dw1_sd1                                          | output_from_cluster_3_152_i1                     | 2 (L3 memory cuts: 1)         |
| output_from_cluster_3_152_i1                     | input_to_cluster_4_153_i1                        | 2 (L3 memory cuts: 1)         |
| input_to_cluster_4_153_i1                        | dw1_sdc                                          | 2 (L3 memory cuts: 1)         |
| dw1_sdc                                          | conv2                                            | 3 (L3 memory cuts: 1)         |
| conv2                                            | conv3_d0                                         | 4[S][RPC] (L3 memory cuts: 4) |
| conv2                                            | conv3_d1                                         | 4[S][RPC] (L3 memory cuts: 4) |
| conv2                                            | output_from_cluster_4_158_i1                     | 4[S][RPC] (L3 memory cuts: 4) |
| conv3_d0                                         | output_from_cluster_4_160_i1                     | 2[RPC] (L3 memory cuts: 2)    |
| output_from_cluster_4_160_i1                     | input_to_cluster_7_161_i1                        | 2[RPC] (L3 memory cuts: 2)    |
| input_to_cluster_7_161_i1                        | conv3_dc                                         | 2[RPC] (L3 memory cuts: 2)    |
| conv3_d1                                         | output_from_cluster_4_162_i1                     | 2[RPC] (L3 memory cuts: 2)    |
| output_from_cluster_4_162_i1                     | input_to_cluster_7_163_i1                        | 2[RPC] (L3 memory cuts: 2)    |
| input_to_cluster_7_163_i1                        | conv3_dc                                         | 2[RPC] (L3 memory cuts: 2)    |
| output_from_cluster_4_158_i1                     | input_to_cluster_6_159_i1                        | 2[S][RPC] (L3 memory cuts: 2) |
| input_to_cluster_6_159_i1                        | conv3_d2                                         | 4[S][RPC] (L3 memory cuts: 4) |
| conv3_d2                                         | output_from_cluster_6_164_i1                     | 2[RPC] (L3 memory cuts: 2)    |
| output_from_cluster_6_164_i1                     | input_to_cluster_7_165_i1                        | 2[RPC] (L3 memory cuts: 2)    |
| input_to_cluster_7_165_i1                        | conv3_dc                                         | 2[RPC] (L3 memory cuts: 2)    |
| conv3_dc                                         | output_from_cluster_7_166_i1                     | 2[RPC] (L3 memory cuts: 2)    |
| output_from_cluster_7_166_i1                     | input_to_cluster_6_167_i1                        | 2[RPC][D] (L3 memory cuts: 2) |
| input_to_cluster_6_167_i1                        | dw2_fs                                           | 2[RPC][D] (L3 memory cuts: 2) |
| dw2_fs                                           | dw2_d0                                           | 7 (L3 memory cuts: 1)         |
| dw2_fs                                           | dw2_d1                                           | 7 (L3 memory cuts: 1)         |
| dw2_fs                                           | dw2_d2                                           | 7 (L3 memory cuts: 1)         |
| dw2_fs                                           | output_from_cluster_6_168_i1                     | 2 (L3 memory cuts: 1)         |
| dw2_d0                                           | output_from_cluster_6_170_i1                     | 2[RPC] (L3 memory cuts: 2)    |
| output_from_cluster_6_170_i1                     | input_to_cluster_2_171_i1                        | 2[RPC] (L3 memory cuts: 2)    |
| input_to_cluster_2_171_i1                        | dw2_dc                                           | 2[RPC] (L3 memory cuts: 2)    |
| dw2_d1                                           | output_from_cluster_6_172_i1                     | 2[RPC] (L3 memory cuts: 2)    |
| output_from_cluster_6_172_i1                     | input_to_cluster_2_173_i1                        | 2[RPC] (L3 memory cuts: 2)    |
| input_to_cluster_2_173_i1                        | dw2_dc                                           | 2[RPC] (L3 memory cuts: 2)    |
| dw2_d2                                           | output_from_cluster_6_174_i1                     | 2[RPC] (L3 memory cuts: 2)    |
| output_from_cluster_6_174_i1                     | input_to_cluster_2_175_i1                        | 2[RPC] (L3 memory cuts: 2)    |
| input_to_cluster_2_175_i1                        | dw2_dc                                           | 2[RPC] (L3 memory cuts: 2)    |
| output_from_cluster_6_168_i1                     | input_to_cluster_2_169_i1                        | 2 (L3 memory cuts: 1)         |
| input_to_cluster_2_169_i1                        | dw2_d3                                           | 7 (L3 memory cuts: 1)         |
| dw2_d3                                           | dw2_dc                                           | 3[RPC] (L3 memory cuts: 3)    |
| dw2_dc                                           | output_from_cluster_2_176_i1                     | 3[S] (L3 memory cuts: 1)      |
| output_from_cluster_2_176_i1                     | input_to_cluster_7_177_i1                        | 2[S] (L3 memory cuts: 1)      |
| input_to_cluster_7_177_i1                        | conv4                                            | 4[S] (L3 memory cuts: 1)      |
| conv4                                            | output_from_cluster_7_178_i1                     | 30[S] (L3 memory cuts: 1)     |
| conv4                                            | conv6                                            | 30[S] (L3 memory cuts: 1)     |
| output_from_cluster_7_178_i1                     | input_to_cluster_0_179_i1                        | 2[S] (L3 memory cuts: 1)      |
| input_to_cluster_0_179_i1                        | conv5                                            | 3[S] (L3 memory cuts: 1)      |
| conv5                                            | dw3_fs                                           | 2[RPC] (L3 memory cuts: 2)    |
| dw3_fs                                           | dw3_d0                                           | 2 (L3 memory cuts: 1)         |
| dw3_fs                                           | output_from_cluster_0_180_i1                     | 1 (L3 memory cuts: 1)         |
| dw3_fs                                           | dw3_d2                                           | 2 (L3 memory cuts: 1)         |
| dw3_fs                                           | output_from_cluster_0_182_i1                     | 1 (L3 memory cuts: 1)         |
| dw3_d0                                           | output_from_cluster_0_184_i1                     | 2[RPC] (L3 memory cuts: 2)    |
| output_from_cluster_0_184_i1                     | input_to_cluster_6_185_i1                        | 2[RPC] (L3 memory cuts: 2)    |
| input_to_cluster_6_185_i1                        | dw3_dc                                           | 3[RPC] (L3 memory cuts: 3)    |
| dw3_d2                                           | output_from_cluster_0_186_i1                     | 2[RPC] (L3 memory cuts: 2)    |
| output_from_cluster_0_186_i1                     | input_to_cluster_6_187_i1                        | 2[RPC] (L3 memory cuts: 2)    |
| input_to_cluster_6_187_i1                        | dw3_dc                                           | 3[RPC] (L3 memory cuts: 3)    |
| output_from_cluster_0_180_i1                     | input_to_cluster_6_181_i1                        | 2 (L3 memory cuts: 1)         |
| input_to_cluster_6_181_i1                        | dw3_d1                                           | 2 (L3 memory cuts: 1)         |
| dw3_d1                                           | dw3_dc                                           | 3[RPC] (L3 memory cuts: 3)    |
| output_from_cluster_0_182_i1                     | input_to_cluster_4_183_i1                        | 2 (L3 memory cuts: 1)         |
| input_to_cluster_4_183_i1                        | dw3_d3                                           | 2 (L3 memory cuts: 1)         |
| dw3_d3                                           | output_from_cluster_4_188_i1                     | 2[RPC] (L3 memory cuts: 2)    |
| output_from_cluster_4_188_i1                     | input_to_cluster_6_189_i1                        | 2[RPC] (L3 memory cuts: 2)    |
| input_to_cluster_6_189_i1                        | dw3_dc                                           | 3[RPC] (L3 memory cuts: 3)    |
| dw3_dc                                           | output_from_cluster_6_190_i1                     | 3[S] (L3 memory cuts: 1)      |
| output_from_cluster_6_190_i1                     | input_to_cluster_7_191_i1                        | 2[S] (L3 memory cuts: 1)      |
| input_to_cluster_7_191_i1                        | conv6                                            | 2[S] (L3 memory cuts: 1)      |
| conv6                                            | output_from_cluster_7_192_i1                     | 1[S] (L3 memory cuts: 1)      |
| output_from_cluster_7_192_i1                     | input_to_cluster_4_193_i1                        | 2[S] (L3 memory cuts: 1)      |
| input_to_cluster_4_193_i1                        | conv7                                            | 3[S] (L3 memory cuts: 1)      |
| conv7                                            | dw4_lanes_feature_splitter                       | 2[RPC] (L3 memory cuts: 2)    |
| dw4_lanes_feature_splitter                       | dw4_lanes_2                                      | 6 (L3 memory cuts: 2)         |
| dw4_lanes_2                                      | dw4_lanes_concat                                 | 3 (L3 memory cuts: 2)         |
| dw4_lanes_concat                                 | conv8                                            | 2[S] (L3 memory cuts: 1)      |
| conv8                                            | output_from_cluster_4_194_i1                     | 1 (L3 memory cuts: 1)         |
| output_from_cluster_4_194_i1                     | input_to_cluster_7_195_i1                        | 2 (L3 memory cuts: 1)         |
| input_to_cluster_7_195_i1                        | conv9                                            | 4 (L3 memory cuts: 1)         |
| input_to_cluster_7_195_i1                        | conv10                                           | 4 (L3 memory cuts: 1)         |
| conv9                                            | dw5_sd0                                          | 2 (L3 memory cuts: 1)         |
| conv9                                            | dw5_sd1                                          | 2 (L3 memory cuts: 1)         |
| dw5_sd0                                          | dw5_sdc                                          | 2 (L3 memory cuts: 1)         |
| dw5_sd1                                          | dw5_sdc                                          | 2 (L3 memory cuts: 1)         |
| dw5_sdc                                          | conv10                                           | 2 (L3 memory cuts: 1)         |
| conv10                                           | output_from_cluster_7_196_i1                     | 6 (L3 memory cuts: 1)         |
| conv10                                           | conv12                                           | 6 (L3 memory cuts: 1)         |
| output_from_cluster_7_196_i1                     | input_to_cluster_2_197_i1                        | 2 (L3 memory cuts: 1)         |
| input_to_cluster_2_197_i1                        | conv11                                           | 2 (L3 memory cuts: 1)         |
| conv11                                           | output_from_cluster_2_198_i1                     | 2 (L3 memory cuts: 1)         |
| output_from_cluster_2_198_i1                     | input_to_cluster_4_199_i1                        | 2 (L3 memory cuts: 1)         |
| input_to_cluster_4_199_i1                        | dw6_sd0                                          | 2 (L3 memory cuts: 1)         |
| input_to_cluster_4_199_i1                        | dw6_sd1                                          | 2 (L3 memory cuts: 1)         |
| dw6_sd0                                          | output_from_cluster_4_200_i1                     | 2 (L3 memory cuts: 1)         |
| output_from_cluster_4_200_i1                     | input_to_cluster_0_201_i1                        | 2 (L3 memory cuts: 1)         |
| input_to_cluster_0_201_i1                        | dw6_sdc                                          | 2 (L3 memory cuts: 1)         |
| dw6_sd1                                          | output_from_cluster_4_202_i1                     | 2 (L3 memory cuts: 1)         |
| output_from_cluster_4_202_i1                     | input_to_cluster_0_203_i1                        | 2 (L3 memory cuts: 1)         |
| input_to_cluster_0_203_i1                        | dw6_sdc                                          | 2 (L3 memory cuts: 1)         |
| dw6_sdc                                          | output_from_cluster_0_204_i1                     | 2 (L3 memory cuts: 1)         |
| output_from_cluster_0_204_i1                     | input_to_cluster_7_205_i1                        | 2 (L3 memory cuts: 1)         |
| input_to_cluster_7_205_i1                        | conv12                                           | 3 (L3 memory cuts: 1)         |
| conv12                                           | conv13                                           | 2[S] (L3 memory cuts: 1)      |
| conv13                                           | dw7                                              | 6 (L3 memory cuts: 2)         |
| dw7                                              | output_from_cluster_7_206_i1                     | 2 (L3 memory cuts: 1)         |
| output_from_cluster_7_206_i1                     | input_to_cluster_4_207_i1                        | 2 (L3 memory cuts: 1)         |
| input_to_cluster_4_207_i1                        | conv14                                           | 1 (L3 memory cuts: 1)         |
| conv14                                           | output_from_cluster_4_208_i1                     | 1 (L3 memory cuts: 1)         |
| output_from_cluster_4_208_i1                     | input_to_cluster_6_209_i1                        | 2 (L3 memory cuts: 1)         |
| input_to_cluster_6_209_i1                        | conv15                                           | 3 (L3 memory cuts: 1)         |
| input_to_cluster_6_209_i1                        | conv16                                           | 3 (L3 memory cuts: 1)         |
| conv15                                           | dw8                                              | 2 (L3 memory cuts: 1)         |
| dw8                                              | conv16                                           | 2[RPC] (L3 memory cuts: 2)    |
| conv16                                           | conv17                                           | 4 (L3 memory cuts: 1)         |
| conv16                                           | conv18                                           | 4 (L3 memory cuts: 1)         |
| conv17                                           | dw9                                              | 2 (L3 memory cuts: 1)         |
| dw9                                              | conv18                                           | 2[RPC] (L3 memory cuts: 2)    |
| conv18                                           | conv19                                           | 5 (L3 memory cuts: 1)         |
| conv18                                           | conv20                                           | 5 (L3 memory cuts: 1)         |
| conv19                                           | dw10                                             | 2 (L3 memory cuts: 1)         |
| dw10                                             | conv20                                           | 3[RPC] (L3 memory cuts: 3)    |
| conv20                                           | output_from_cluster_6_210_i1                     | 1[S] (L3 memory cuts: 1)      |
| output_from_cluster_6_210_i1                     | input_to_cluster_0_211_i1                        | 2[S] (L3 memory cuts: 1)      |
| input_to_cluster_0_211_i1                        | conv21                                           | 1[S] (L3 memory cuts: 1)      |
| conv21                                           | dw11                                             | 2 (L3 memory cuts: 1)         |
| dw11                                             | conv22                                           | 2[RPC] (L3 memory cuts: 2)    |
| conv22                                           | conv23                                           | 4 (L3 memory cuts: 1)         |
| conv22                                           | conv24                                           | 4 (L3 memory cuts: 1)         |
| conv23                                           | dw12_sd0                                         | 2 (L3 memory cuts: 1)         |
| conv23                                           | dw12_sd1                                         | 2 (L3 memory cuts: 1)         |
| dw12_sd0                                         | dw12_sdc                                         | 2 (L3 memory cuts: 1)         |
| dw12_sd1                                         | dw12_sdc                                         | 2 (L3 memory cuts: 1)         |
| dw12_sdc                                         | conv24                                           | 2 (L3 memory cuts: 1)         |
| conv24                                           | conv25                                           | 5 (L3 memory cuts: 1)         |
| conv24                                           | conv26                                           | 5 (L3 memory cuts: 1)         |
| conv25                                           | output_from_cluster_0_212_i1                     | 2 (L3 memory cuts: 1)         |
| output_from_cluster_0_212_i1                     | input_to_cluster_5_213_i1                        | 2 (L3 memory cuts: 1)         |
| input_to_cluster_5_213_i1                        | dw13_sd0                                         | 2 (L3 memory cuts: 1)         |
| input_to_cluster_5_213_i1                        | dw13_sd1                                         | 2 (L3 memory cuts: 1)         |
| dw13_sd0                                         | dw13_sdc                                         | 2 (L3 memory cuts: 1)         |
| dw13_sd1                                         | dw13_sdc                                         | 2 (L3 memory cuts: 1)         |
| dw13_sdc                                         | output_from_cluster_5_214_i1                     | 2 (L3 memory cuts: 1)         |
| output_from_cluster_5_214_i1                     | input_to_cluster_0_215_i1                        | 2 (L3 memory cuts: 1)         |
| input_to_cluster_0_215_i1                        | conv26                                           | 3 (L3 memory cuts: 1)         |
| conv26                                           | output_from_cluster_0_216_i1                     | 1[S] (L3 memory cuts: 1)      |
| output_from_cluster_0_216_i1                     | input_to_cluster_5_217_i1                        | 2[S] (L3 memory cuts: 1)      |
| input_to_cluster_5_217_i1                        | conv27                                           | 1[S] (L3 memory cuts: 1)      |
| conv27                                           | dw14                                             | 5 (L3 memory cuts: 2)         |
| dw14                                             | conv28                                           | 2 (L3 memory cuts: 1)         |
| conv28                                           | conv29                                           | 3 (L3 memory cuts: 1)         |
| conv28                                           | conv30                                           | 3 (L3 memory cuts: 1)         |
| conv29                                           | dw15                                             | 2 (L3 memory cuts: 1)         |
| dw15                                             | conv30                                           | 2 (L3 memory cuts: 1)         |
| conv30                                           | conv31                                           | 2 (L3 memory cuts: 1)         |
| conv30                                           | output_from_cluster_5_218_i1                     | 2 (L3 memory cuts: 1)         |
| conv31                                           | output_from_cluster_5_220_i1                     | 1 (L3 memory cuts: 1)         |
| output_from_cluster_5_220_i1                     | input_to_cluster_2_221_i1                        | 2 (L3 memory cuts: 1)         |
| input_to_cluster_2_221_i1                        | dw16                                             | 2 (L3 memory cuts: 1)         |
| dw16                                             | conv32                                           | 3 (L3 memory cuts: 1)         |
| output_from_cluster_5_218_i1                     | input_to_cluster_2_219_i1                        | 2 (L3 memory cuts: 1)         |
| input_to_cluster_2_219_i1                        | conv32                                           | 4 (L3 memory cuts: 1)         |
| conv32                                           | conv33                                           | 2[S] (L3 memory cuts: 1)      |
| conv33                                           | output_from_cluster_2_222_i1                     | 1 (L3 memory cuts: 1)         |
| output_from_cluster_2_222_i1                     | input_to_cluster_0_223_i1                        | 2 (L3 memory cuts: 1)         |
| input_to_cluster_0_223_i1                        | dw17                                             | 1 (L3 memory cuts: 1)         |
| dw17                                             | output_from_cluster_0_224_i1                     | 2 (L3 memory cuts: 1)         |
| output_from_cluster_0_224_i1                     | input_to_cluster_2_225_i1                        | 2 (L3 memory cuts: 1)         |
| input_to_cluster_2_225_i1                        | conv34                                           | 3 (L3 memory cuts: 1)         |
| conv34                                           | conv35                                           | 2[S] (L3 memory cuts: 1)      |
| conv35                                           | avgpool1                                         | 2 (L3 memory cuts: 1)         |
| avgpool1                                         | fc1                                              | 1 (L3 memory cuts: 1)         |
| fc1                                              | output_from_cluster_2_226_i1                     | 2 (L3 memory cuts: 1)         |
| output_from_cluster_2_226_i1                     | input_to_prepost_227_i1                          | 2 (L3 memory cuts: 1)         |
| input_to_prepost_227_i1                          | softmax1                                         | 2 (L4 memory cuts: 1)         |
| softmax1                                         | output_from_prepost_228_i1                       | 1 (L4 memory cuts: 1)         |
| output_from_prepost_228_i1                       | output_layer1                                    | 2 (L4 memory cuts: 1)         |
+--------------------------------------------------+--------------------------------------------------+-------------------------------+
[2026-10-08 12:04:28.148] [default] [info] Post-Final-Split Resources for mars_model_float32_context_0, iteration 4
+--------------------------------------------------+-------------+-----------------------+-----------------------+----------------------+----------------+-----+-----+------+
| Node                                             | Subclusters | L3 Weight Memory Cuts | L3 Output Memory Cuts | L3 Input Memory Cuts | L4 Memory Cuts | IBs | OBs | APUs |
+--------------------------------------------------+-------------+-----------------------+-----------------------+----------------------+----------------+-----+-----+------+
| input_layer1                                     | 0           | 0                     | 0                     | 0                    | 0.500          | 0   | 0   | 0    |
| input_to_prepost_145_i1                          | 0           | 0                     | 0                     | 0                    | 1.000          | 0   | 0   | 0    |
| auto_reshape_from_input_layer1_to_normalization1 | 0           | 0                     | 0                     | 0                    | 1.000          | 0   | 0   | 0    |
| output_from_prepost_229_i1                       | 0           | 0                     | 0                     | 0                    | 0.000          | 0   | 0   | 0    |
| input_to_cluster_7_230_i1                        | 0           | 0                     | 1                     | 0                    | 0.000          | 1   | 0   | 0    |
| normalization1                                   | 1           | 0                     | 1                     | 1                    | 0.000          | 0   | 0   | 1    |
| output_from_cluster_7_146_i1                     | 0           | 0                     | 0                     | 0                    | 0.000          | 0   | 1   | 0    |
| input_to_cluster_1_147_i1                        | 0           | 0                     | 1                     | 0                    | 0.000          | 1   | 0   | 0    |
| conv1                                            | 4           | 0                     | 4                     | 1                    | 0.000          | 0   | 0   | 1    |
| dw1_sd2                                          | 2           | 0                     | 1                     | 2                    | 0.000          | 0   | 0   | 1    |
| output_from_cluster_1_154_i1                     | 0           | 0                     | 0                     | 0                    | 0.000          | 0   | 1   | 0    |
| input_to_cluster_4_155_i1                        | 0           | 0                     | 1                     | 0                    | 0.000          | 1   | 0   | 0    |
| output_from_cluster_1_148_i1                     | 0           | 0                     | 0                     | 0                    | 0.000          | 0   | 1   | 0    |
| input_to_cluster_4_149_i1                        | 0           | 0                     | 2                     | 0                    | 0.000          | 1   | 0   | 0    |
| dw1_sd0                                          | 2           | 0                     | 1                     | 2                    | 0.000          | 0   | 0   | 1    |
| input_to_cluster_5_150_i1                        | 0           | 0                     | 2                     | 0                    | 0.000          | 1   | 0   | 0    |
| dw1_sd3                                          | 2           | 0                     | 1                     | 2                    | 0.000          | 0   | 0   | 1    |
| output_from_cluster_5_156_i1                     | 0           | 0                     | 0                     | 0                    | 0.000          | 0   | 1   | 0    |
| input_to_cluster_4_157_i1                        | 0           | 0                     | 1                     | 0                    | 0.000          | 1   | 0   | 0    |
| input_to_cluster_3_151_i1                        | 0           | 0                     | 2                     | 0                    | 0.000          | 1   | 0   | 0    |
| dw1_sd1                                          | 2           | 0                     | 1                     | 2                    | 0.000          | 0   | 0   | 1    |
| output_from_cluster_3_152_i1                     | 0           | 0                     | 0                     | 0                    | 0.000          | 0   | 1   | 0    |
| input_to_cluster_4_153_i1                        | 0           | 0                     | 1                     | 0                    | 0.000          | 1   | 0   | 0    |
| dw1_sdc                                          | 1           | 0                     | 1                     | 4                    | 0.000          | 0   | 0   | 1    |
| conv2                                            | 1           | 0                     | 12                    | 1                    | 0.000          | 0   | 0   | 1    |
| conv3_d0                                         | 2           | 0                     | 2                     | 4                    | 0.000          | 0   | 0   | 1    |
| output_from_cluster_4_160_i1                     | 0           | 0                     | 0                     | 0                    | 0.000          | 0   | 1   | 0    |
| input_to_cluster_7_161_i1                        | 0           | 0                     | 2                     | 0                    | 0.000          | 1   | 0   | 0    |
| conv3_d1                                         | 2           | 0                     | 2                     | 4                    | 0.000          | 0   | 0   | 1    |
| output_from_cluster_4_162_i1                     | 0           | 0                     | 0                     | 0                    | 0.000          | 0   | 1   | 0    |
| input_to_cluster_7_163_i1                        | 0           | 0                     | 2                     | 0                    | 0.000          | 1   | 0   | 0    |
| output_from_cluster_4_158_i1                     | 0           | 0                     | 0                     | 0                    | 0.000          | 0   | 1   | 0    |
| input_to_cluster_6_159_i1                        | 0           | 0                     | 4                     | 0                    | 0.000          | 1   | 0   | 0    |
| conv3_d2                                         | 2           | 0                     | 2                     | 4                    | 0.000          | 0   | 0   | 1    |
| output_from_cluster_6_164_i1                     | 0           | 0                     | 0                     | 0                    | 0.000          | 0   | 1   | 0    |
| input_to_cluster_7_165_i1                        | 0           | 0                     | 2                     | 0                    | 0.000          | 1   | 0   | 0    |
| conv3_dc                                         | 1           | 0                     | 2                     | 6                    | 0.000          | 0   | 0   | 1    |
| output_from_cluster_7_166_i1                     | 0           | 0                     | 0                     | 0                    | 0.000          | 0   | 2   | 0    |
| input_to_cluster_6_167_i1                        | 0           | 0                     | 2                     | 0                    | 0.000          | 2   | 0   | 0    |
| dw2_fs                                           | 1           | 0                     | 4                     | 2                    | 0.000          | 0   | 0   | 1    |
| dw2_d0                                           | 1           | 0                     | 2                     | 1                    | 0.000          | 0   | 0   | 1    |
| output_from_cluster_6_170_i1                     | 0           | 0                     | 0                     | 0                    | 0.000          | 0   | 1   | 0    |
| input_to_cluster_2_171_i1                        | 0           | 0                     | 2                     | 0                    | 0.000          | 1   | 0   | 0    |
| dw2_d1                                           | 1           | 0                     | 2                     | 1                    | 0.000          | 0   | 0   | 1    |
| output_from_cluster_6_172_i1                     | 0           | 0                     | 0                     | 0                    | 0.000          | 0   | 1   | 0    |
| input_to_cluster_2_173_i1                        | 0           | 0                     | 2                     | 0                    | 0.000          | 1   | 0   | 0    |
| dw2_d2                                           | 1           | 0                     | 2                     | 1                    | 0.000          | 0   | 0   | 1    |
| output_from_cluster_6_174_i1                     | 0           | 0                     | 0                     | 0                    | 0.000          | 0   | 1   | 0    |
| input_to_cluster_2_175_i1                        | 0           | 0                     | 2                     | 0                    | 0.000          | 1   | 0   | 0    |
| output_from_cluster_6_168_i1                     | 0           | 0                     | 0                     | 0                    | 0.000          | 0   | 1   | 0    |
| input_to_cluster_2_169_i1                        | 0           | 0                     | 1                     | 0                    | 0.000          | 1   | 0   | 0    |
| dw2_d3                                           | 1           | 0                     | 3                     | 1                    | 0.000          | 0   | 0   | 1    |
| dw2_dc                                           | 1           | 0                     | 1                     | 9                    | 0.000          | 0   | 0   | 1    |
| output_from_cluster_2_176_i1                     | 0           | 0                     | 0                     | 0                    | 0.000          | 0   | 1   | 0    |
| input_to_cluster_7_177_i1                        | 0           | 0                     | 1                     | 0                    | 0.000          | 1   | 0   | 0    |
| conv4                                            | 1           | 0                     | 2                     | 1                    | 0.000          | 0   | 0   | 1    |
| output_from_cluster_7_178_i1                     | 0           | 0                     | 0                     | 0                    | 0.000          | 0   | 1   | 0    |
| input_to_cluster_0_179_i1                        | 0           | 0                     | 1                     | 0                    | 0.000          | 1   | 0   | 0    |
| conv5                                            | 2           | 0                     | 2                     | 1                    | 0.000          | 0   | 0   | 1    |
| dw3_fs                                           | 1           | 0                     | 4                     | 2                    | 0.000          | 0   | 0   | 1    |
| dw3_d0                                           | 2           | 0                     | 2                     | 1                    | 0.000          | 0   | 0   | 1    |
| output_from_cluster_0_184_i1                     | 0           | 0                     | 0                     | 0                    | 0.000          | 0   | 1   | 0    |
| input_to_cluster_6_185_i1                        | 0           | 0                     | 3                     | 0                    | 0.000          | 1   | 0   | 0    |
| dw3_d2                                           | 2           | 0                     | 2                     | 1                    | 0.000          | 0   | 0   | 1    |
| output_from_cluster_0_186_i1                     | 0           | 0                     | 0                     | 0                    | 0.000          | 0   | 1   | 0    |
| input_to_cluster_6_187_i1                        | 0           | 0                     | 3                     | 0                    | 0.000          | 1   | 0   | 0    |
| output_from_cluster_0_180_i1                     | 0           | 0                     | 0                     | 0                    | 0.000          | 0   | 1   | 0    |
| input_to_cluster_6_181_i1                        | 0           | 0                     | 1                     | 0                    | 0.000          | 1   | 0   | 0    |
| dw3_d1                                           | 2           | 0                     | 3                     | 1                    | 0.000          | 0   | 0   | 1    |
| output_from_cluster_0_182_i1                     | 0           | 0                     | 0                     | 0                    | 0.000          | 0   | 1   | 0    |
| input_to_cluster_4_183_i1                        | 0           | 0                     | 1                     | 0                    | 0.000          | 1   | 0   | 0    |
| dw3_d3                                           | 2           | 0                     | 2                     | 1                    | 0.000          | 0   | 0   | 1    |
| output_from_cluster_4_188_i1                     | 0           | 0                     | 0                     | 0                    | 0.000          | 0   | 1   | 0    |
| input_to_cluster_6_189_i1                        | 0           | 0                     | 3                     | 0                    | 0.000          | 1   | 0   | 0    |
| dw3_dc                                           | 1           | 0                     | 1                     | 12                   | 0.000          | 0   | 0   | 1    |
| output_from_cluster_6_190_i1                     | 0           | 0                     | 0                     | 0                    | 0.000          | 0   | 1   | 0    |
| input_to_cluster_7_191_i1                        | 0           | 0                     | 1                     | 0                    | 0.000          | 1   | 0   | 0    |
| conv6                                            | 3           | 0                     | 1                     | 2                    | 0.000          | 0   | 0   | 1    |
| output_from_cluster_7_192_i1                     | 0           | 0                     | 0                     | 0                    | 0.000          | 0   | 1   | 0    |
| input_to_cluster_4_193_i1                        | 0           | 0                     | 1                     | 0                    | 0.000          | 1   | 0   | 0    |
| conv7                                            | 2           | 0                     | 2                     | 1                    | 0.000          | 0   | 0   | 1    |
| dw4_lanes_feature_splitter                       | 1           | 0                     | 2                     | 2                    | 0.000          | 0   | 0   | 1    |
| dw4_lanes_2                                      | 2           | 0                     | 2                     | 2                    | 0.000          | 0   | 0   | 2    |
| dw4_lanes_concat                                 | 1           | 0                     | 1                     | 2                    | 0.000          | 0   | 0   | 1    |
| conv8                                            | 1           | 0                     | 1                     | 1                    | 0.000          | 0   | 0   | 1    |
| output_from_cluster_4_194_i1                     | 0           | 0                     | 0                     | 0                    | 0.000          | 0   | 1   | 0    |
| input_to_cluster_7_195_i1                        | 0           | 0                     | 2                     | 0                    | 0.000          | 1   | 0   | 0    |
| conv9                                            | 1           | 0                     | 2                     | 1                    | 0.000          | 0   | 0   | 1    |
| dw5_sd0                                          | 2           | 1                     | 1                     | 1                    | 0.000          | 0   | 0   | 1    |
| dw5_sd1                                          | 2           | 1                     | 1                     | 1                    | 0.000          | 0   | 0   | 1    |
| dw5_sdc                                          | 1           | 0                     | 1                     | 2                    | 0.000          | 0   | 0   | 1    |
| conv10                                           | 1           | 0                     | 2                     | 2                    | 0.000          | 0   | 0   | 1    |
| output_from_cluster_7_196_i1                     | 0           | 0                     | 0                     | 0                    | 0.000          | 0   | 1   | 0    |
| input_to_cluster_2_197_i1                        | 0           | 0                     | 1                     | 0                    | 0.000          | 1   | 0   | 0    |
| conv11                                           | 1           | 0                     | 1                     | 1                    | 0.000          | 0   | 0   | 1    |
| output_from_cluster_2_198_i1                     | 0           | 0                     | 0                     | 0                    | 0.000          | 0   | 1   | 0    |
| input_to_cluster_4_199_i1                        | 0           | 0                     | 2                     | 0                    | 0.000          | 1   | 0   | 0    |
| dw6_sd0                                          | 2           | 1                     | 1                     | 1                    | 0.000          | 0   | 0   | 1    |
| output_from_cluster_4_200_i1                     | 0           | 0                     | 0                     | 0                    | 0.000          | 0   | 1   | 0    |
| input_to_cluster_0_201_i1                        | 0           | 0                     | 1                     | 0                    | 0.000          | 1   | 0   | 0    |
| dw6_sd1                                          | 2           | 1                     | 1                     | 1                    | 0.000          | 0   | 0   | 1    |
| output_from_cluster_4_202_i1                     | 0           | 0                     | 0                     | 0                    | 0.000          | 0   | 1   | 0    |
| input_to_cluster_0_203_i1                        | 0           | 0                     | 1                     | 0                    | 0.000          | 1   | 0   | 0    |
| dw6_sdc                                          | 1           | 0                     | 1                     | 2                    | 0.000          | 0   | 0   | 1    |
| output_from_cluster_0_204_i1                     | 0           | 0                     | 0                     | 0                    | 0.000          | 0   | 1   | 0    |
| input_to_cluster_7_205_i1                        | 0           | 0                     | 1                     | 0                    | 0.000          | 1   | 0   | 0    |
| conv12                                           | 1           | 0                     | 1                     | 2                    | 0.000          | 0   | 0   | 1    |
| conv13                                           | 1           | 0                     | 2                     | 1                    | 0.000          | 0   | 0   | 1    |
| dw7                                              | 1           | 0                     | 1                     | 2                    | 0.000          | 0   | 0   | 1    |
| output_from_cluster_7_206_i1                     | 0           | 0                     | 0                     | 0                    | 0.000          | 0   | 1   | 0    |
| input_to_cluster_4_207_i1                        | 0           | 0                     | 1                     | 0                    | 0.000          | 1   | 0   | 0    |
| conv14                                           | 1           | 0                     | 1                     | 1                    | 0.000          | 0   | 0   | 1    |
| output_from_cluster_4_208_i1                     | 0           | 0                     | 0                     | 0                    | 0.000          | 0   | 1   | 0    |
| input_to_cluster_6_209_i1                        | 0           | 0                     | 2                     | 0                    | 0.000          | 1   | 0   | 0    |
| conv15                                           | 2           | 0                     | 1                     | 1                    | 0.000          | 0   | 0   | 1    |
| dw8                                              | 5           | 0                     | 2                     | 1                    | 0.000          | 0   | 0   | 1    |
| conv16                                           | 2           | 0                     | 2                     | 3                    | 0.000          | 0   | 0   | 1    |
| conv17                                           | 2           | 0                     | 1                     | 1                    | 0.000          | 0   | 0   | 1    |
| dw9                                              | 5           | 0                     | 2                     | 1                    | 0.000          | 0   | 0   | 1    |
| conv18                                           | 2           | 0                     | 2                     | 3                    | 0.000          | 0   | 0   | 1    |
| conv19                                           | 2           | 0                     | 1                     | 1                    | 0.000          | 0   | 0   | 1    |
| dw10                                             | 5           | 0                     | 3                     | 1                    | 0.000          | 0   | 0   | 1    |
| conv20                                           | 2           | 0                     | 1                     | 4                    | 0.000          | 0   | 0   | 1    |
| output_from_cluster_6_210_i1                     | 0           | 0                     | 0                     | 0                    | 0.000          | 0   | 1   | 0    |
| input_to_cluster_0_211_i1                        | 0           | 0                     | 1                     | 0                    | 0.000          | 1   | 0   | 0    |
| conv21                                           | 2           | 0                     | 1                     | 1                    | 0.000          | 0   | 0   | 1    |
| dw11                                             | 5           | 0                     | 2                     | 1                    | 0.000          | 0   | 0   | 1    |
| conv22                                           | 3           | 0                     | 2                     | 2                    | 0.000          | 0   | 0   | 1    |
| conv23                                           | 4           | 0                     | 2                     | 1                    | 0.000          | 0   | 0   | 1    |
| dw12_sd0                                         | 4           | 0                     | 1                     | 1                    | 0.000          | 0   | 0   | 1    |
| dw12_sd1                                         | 4           | 0                     | 1                     | 1                    | 0.000          | 0   | 0   | 1    |
| dw12_sdc                                         | 1           | 0                     | 1                     | 2                    | 0.000          | 0   | 0   | 1    |
| conv24                                           | 4           | 0                     | 2                     | 2                    | 0.000          | 0   | 0   | 1    |
| conv25                                           | 4           | 0                     | 1                     | 1                    | 0.000          | 0   | 0   | 1    |
| output_from_cluster_0_212_i1                     | 0           | 0                     | 0                     | 0                    | 0.000          | 0   | 1   | 0    |
| input_to_cluster_5_213_i1                        | 0           | 0                     | 2                     | 0                    | 0.000          | 1   | 0   | 0    |
| dw13_sd0                                         | 4           | 0                     | 1                     | 1                    | 0.000          | 0   | 0   | 1    |
| dw13_sd1                                         | 4           | 0                     | 1                     | 1                    | 0.000          | 0   | 0   | 1    |
| dw13_sdc                                         | 1           | 0                     | 1                     | 2                    | 0.000          | 0   | 0   | 1    |
| output_from_cluster_5_214_i1                     | 0           | 0                     | 0                     | 0                    | 0.000          | 0   | 1   | 0    |
| input_to_cluster_0_215_i1                        | 0           | 0                     | 1                     | 0                    | 0.000          | 1   | 0   | 0    |
| conv26                                           | 4           | 0                     | 1                     | 2                    | 0.000          | 0   | 0   | 1    |
| output_from_cluster_0_216_i1                     | 0           | 0                     | 0                     | 0                    | 0.000          | 0   | 1   | 0    |
| input_to_cluster_5_217_i1                        | 0           | 0                     | 1                     | 0                    | 0.000          | 1   | 0   | 0    |
| conv27                                           | 4           | 0                     | 2                     | 1                    | 0.000          | 0   | 0   | 1    |
| dw14                                             | 1           | 0                     | 1                     | 2                    | 0.000          | 0   | 0   | 1    |
| conv28                                           | 7           | 0                     | 2                     | 1                    | 0.000          | 0   | 0   | 1    |
| conv29                                           | 4           | 4                     | 1                     | 1                    | 0.000          | 0   | 0   | 1    |
| dw15                                             | 4           | 0                     | 1                     | 1                    | 0.000          | 0   | 0   | 1    |
| conv30                                           | 2           | 4                     | 2                     | 2                    | 0.000          | 0   | 0   | 1    |
| conv31                                           | 4           | 4                     | 1                     | 1                    | 0.000          | 0   | 0   | 1    |
| output_from_cluster_5_220_i1                     | 0           | 0                     | 0                     | 0                    | 0.000          | 0   | 1   | 0    |
| input_to_cluster_2_221_i1                        | 0           | 0                     | 1                     | 0                    | 0.000          | 1   | 0   | 0    |
| dw16                                             | 4           | 0                     | 1                     | 1                    | 0.000          | 0   | 0   | 1    |
| output_from_cluster_5_218_i1                     | 0           | 0                     | 0                     | 0                    | 0.000          | 0   | 1   | 0    |
| input_to_cluster_2_219_i1                        | 0           | 0                     | 1                     | 0                    | 0.000          | 1   | 0   | 0    |
| conv32                                           | 2           | 4                     | 1                     | 2                    | 0.000          | 0   | 0   | 1    |
| conv33                                           | 4           | 4                     | 1                     | 1                    | 0.000          | 0   | 0   | 1    |
| output_from_cluster_2_222_i1                     | 0           | 0                     | 0                     | 0                    | 0.000          | 0   | 1   | 0    |
| input_to_cluster_0_223_i1                        | 0           | 0                     | 1                     | 0                    | 0.000          | 1   | 0   | 0    |
| dw17                                             | 4           | 0                     | 1                     | 1                    | 0.000          | 0   | 0   | 1    |
| output_from_cluster_0_224_i1                     | 0           | 0                     | 0                     | 0                    | 0.000          | 0   | 1   | 0    |
| input_to_cluster_2_225_i1                        | 0           | 0                     | 1                     | 0                    | 0.000          | 1   | 0   | 0    |
| conv34                                           | 7           | 7                     | 1                     | 1                    | 0.000          | 0   | 0   | 1    |
| conv35                                           | 3           | 12                    | 1                     | 1                    | 0.000          | 0   | 0   | 1    |
| avgpool1                                         | 2           | 0                     | 1                     | 1                    | 0.000          | 0   | 0   | 1    |
| fc1                                              | 1           | 0                     | 1                     | 1                    | 0.000          | 0   | 0   | 1    |
| output_from_cluster_2_226_i1                     | 0           | 0                     | 0                     | 0                    | 0.000          | 0   | 1   | 0    |
| input_to_prepost_227_i1                          | 0           | 0                     | 0                     | 0                    | 1.000          | 0   | 0   | 0    |
| softmax1                                         | 0           | 0                     | 0                     | 0                    | 1.000          | 0   | 0   | 0    |
| output_from_prepost_228_i1                       | 0           | 0                     | 0                     | 0                    | 0.000          | 0   | 0   | 0    |
| output_layer1                                    | 0           | 0                     | 0                     | 0                    | 0.500          | 0   | 0   | 0    |
+--------------------------------------------------+-------------+-----------------------+-----------------------+----------------------+----------------+-----+-----+------+
TOTAL:  LCUs: 82 (64.0625%), Subclusters: 192 (37.5%), Weight memory cuts: 43 (4.19922%), L3 Output memory cuts: 202 (19.7266%), L3 Input memory cuts: 148 (14.4531%), L3 total cuts: 245 (23.9258%), L4 memory cuts: 4 (14.2857%), IBs: 43 (67.1875%), OBs: 41 (64.0625%), APUs: 83 (51.875%)
[2026-10-08 12:04:28.204] [default] [info] Iterations: 4
Reverts on cluster mapping: 0
Reverts on inter-cluster connectivity: 0
Reverts on pre-mapping validation: 0
Reverts on split failed: 0
[2026-10-08 12:04:28.211] [default] [info] Resolver passed at control_util 0.75 with 2434.97 FPS. Setting new partition.
[2026-10-08 12:04:28.840] [default] [info] context mars_model_float32_context_0 Post-Allocation FPS from simulation: 1744.79
[2026-10-08 12:04:28.842] [default] [info] +-----------+---------------------+---------------------+--------------------+
[2026-10-08 12:04:28.842] [default] [info] | Cluster   | Control Utilization | Compute Utilization | Memory Utilization |
[2026-10-08 12:04:28.842] [default] [info] +-----------+---------------------+---------------------+--------------------+
[2026-10-08 12:04:28.842] [default] [info] | cluster_0 | 100%                | 73.4%               | 25%                |
[2026-10-08 12:04:28.842] [default] [info] | cluster_1 | 12.5%               | 9.4%                | 4.7%               |
[2026-10-08 12:04:28.842] [default] [info] | cluster_2 | 62.5%               | 40.6%               | 39.1%              |
[2026-10-08 12:04:28.842] [default] [info] | cluster_3 | 6.3%                | 3.1%                | 2.3%               |
[2026-10-08 12:04:28.842] [default] [info] | cluster_4 | 87.5%               | 34.4%               | 33.6%              |
[2026-10-08 12:04:28.842] [default] [info] | cluster_5 | 68.8%               | 57.8%               | 24.2%              |
[2026-10-08 12:04:28.842] [default] [info] | cluster_6 | 100%                | 56.3%               | 38.3%              |
[2026-10-08 12:04:28.842] [default] [info] | cluster_7 | 75%                 | 25%                 | 24.2%              |
[2026-10-08 12:04:28.842] [default] [info] +-----------+---------------------+---------------------+--------------------+
[2026-10-08 12:04:28.842] [default] [info] | Total     | 64.1%               | 37.5%               | 23.9%              |
[2026-10-08 12:04:28.842] [default] [info] +-----------+---------------------+---------------------+--------------------+
[2026-10-08 12:04:28.891] [default] [info] [1;32mSuccessful Mapping (allocation time: 18s)[0m
[2026-10-08 12:04:28.911] [default] [info] [1;36mCompiling kernels of mars_model_float32_context_0...[0m
[2026-10-08 12:04:30.575] [default] [info] Bandwidth of model inputs: 1.14844 Mbps, outputs: 6.10352e-05 Mbps (for a single frame)
[2026-10-08 12:04:30.575] [default] [info] Bandwidth of DDR buffers: 0.0 Mbps (for a single frame)
[2026-10-08 12:04:30.575] [default] [info] Bandwidth of inter context tensors: 0.0 Mbps (for a single frame)
[2026-10-08 12:04:30.602] [default] [info] [1;36mBuilding HEF...[0m
[2026-10-08 12:04:31.127] [default] [info] [1;32mSuccessful Compilation (compilation time: 2s)[0m
[2026-10-08 12:04:31.189] [default] [info] Builder successful
